Route_Link,Route_Name,Bus_names,Departingtime,Total_duration,Boardingtime,Star_Ratings,Prices,Seats_Available,Bus_type
https://www.redbus.in/bus-tickets/durgapur-to-kolkata,Durgapur (West Bengal) to Kolkata,Shyamoli Paribahan Pvt Ltd,08:35,02h 35m,11:10,4.2,INR 486,9 Seats available,Scania Multi-Axle AC Semi Sleeper (2+2)
https://www.redbus.in/bus-tickets/durgapur-to-kolkata,Durgapur (West Bengal) to Kolkata,SHYAMOLI Pvt. Ltd.(Karunamoyee),09:00,04h 00m,13:00,4.3,INR 486,6 Seats available,Scania Multi-Axle AC Semi Sleeper (2+2)
https://www.redbus.in/bus-tickets/durgapur-to-kolkata,Durgapur (West Bengal) to Kolkata,Shyamoli Paribahan Pvt Ltd,09:30,04h 00m,13:30,4.7,INR 486,20 Seats available,Volvo A/C Seater (2+2)
https://www.redbus.in/bus-tickets/durgapur-to-kolkata,Durgapur (West Bengal) to Kolkata,Greenline (Karunamoyee),09:40,03h 55m,13:35,4.2,INR 486,11 Seats available,Volvo A/C Seater (2+2)
https://www.redbus.in/bus-tickets/durgapur-to-kolkata,Durgapur (West Bengal) to Kolkata,SHYAMOLI Pvt. Ltd.(Karunamoyee),10:00,04h 00m,14:00,4.3,INR 486,29 Seats available,Volvo A/C Seater (2+2)
https://www.redbus.in/bus-tickets/durgapur-to-kolkata,Durgapur (West Bengal) to Kolkata,SHYAMOLI Pvt. Ltd.(Karunamoyee),11:00,04h 00m,15:00,4.3,INR 486,29 Seats available,Volvo A/C Seater (2+2)
https://www.redbus.in/bus-tickets/durgapur-to-kolkata,Durgapur (West Bengal) to Kolkata,Shyamoli Paribahan Pvt Ltd,11:15,03h 15m,14:30,3.4,INR 486,29 Seats available,Volvo A/C Seater (2+2)
https://www.redbus.in/bus-tickets/durgapur-to-kolkata,Durgapur (West Bengal) to Kolkata,Greenline,11:45,03h 55m,15:40,4.2,INR 486,26 Seats available,Volvo A/C Seater (2+2)
https://www.redbus.in/bus-tickets/durgapur-to-kolkata,Durgapur (West Bengal) to Kolkata,Greenline (Karunamoyee),12:05,03h 50m,15:55,4.7,INR 486,17 Seats available,Volvo A/C B11R Multi Axle Semi Sleeper (2+2)
https://www.redbus.in/bus-tickets/durgapur-to-kolkata,Durgapur (West Bengal) to Kolkata,SHYAMOLI Pvt. Ltd.(Karunamoyee),12:40,04h 00m,16:40,4.1,INR 486,30 Seats available,Volvo A/C Seater (2+2)
https://www.redbus.in/bus-tickets/durgapur-to-kolkata,Durgapur (West Bengal) to Kolkata,Shyamoli Paribahan Pvt Ltd,12:55,03h 50m,16:45,3.9,INR 486,23 Seats available,Volvo A/C Seater (2+2)
https://www.redbus.in/bus-tickets/durgapur-to-kolkata,Durgapur (West Bengal) to Kolkata,Greenline (Karunamoyee),13:10,04h 00m,17:10,4.5,INR 486,6 Seats available,Volvo A/C Seater (2+2)
https://www.redbus.in/bus-tickets/durgapur-to-kolkata,Durgapur (West Bengal) to Kolkata,Greenline,13:30,03h 50m,17:20,4.6,INR 486,23 Seats available,Volvo A/C Seater (2+2)
https://www.redbus.in/bus-tickets/durgapur-to-kolkata,Durgapur (West Bengal) to Kolkata,SHYAMOLI Pvt. Ltd.(Karunamoyee),14:00,04h 00m,18:00,4.2,INR 486,28 Seats available,Volvo A/C Seater (2+2)
https://www.redbus.in/bus-tickets/durgapur-to-kolkata,Durgapur (West Bengal) to Kolkata,Shyamoli Paribahan Pvt Ltd,14:10,03h 50m,18:00,4.1,INR 486,27 Seats available,Volvo A/C Seater (2+2)
https://www.redbus.in/bus-tickets/durgapur-to-kolkata,Durgapur (West Bengal) to Kolkata,Express Line (Karunamoyee),14:25,03h 45m,18:10,4.7,INR 486,24 Seats available,Scania Multi-Axle AC Semi Sleeper (2+2)
https://www.redbus.in/bus-tickets/durgapur-to-kolkata,Durgapur (West Bengal) to Kolkata,Greenline,14:50,03h 40m,18:30,4.3,INR 486,17 Seats available,Volvo A/C Seater (2+2)
https://www.redbus.in/bus-tickets/durgapur-to-kolkata,Durgapur (West Bengal) to Kolkata,Shyamoli Paribahan Pvt Ltd,15:30,03h 50m,19:20,4.1,INR 486,25 Seats available,Volvo A/C Seater (2+2)
https://www.redbus.in/bus-tickets/durgapur-to-kolkata,Durgapur (West Bengal) to Kolkata,Greenline (Karunamoyee),15:40,03h 51m,19:31,4.2,INR 486,18 Seats available,Volvo A/C Seater (2+2)
https://www.redbus.in/bus-tickets/durgapur-to-kolkata,Durgapur (West Bengal) to Kolkata,Greenline,16:00,03h 50m,19:50,4.3,INR 486,19 Seats available,Volvo A/C Seater (2+2)
https://www.redbus.in/bus-tickets/durgapur-to-kolkata,Durgapur (West Bengal) to Kolkata,SHYAMOLI Pvt. Ltd.(Karunamoyee),16:10,04h 00m,20:10,4.4,INR 486,25 Seats available,Volvo A/C Seater (2+2)
https://www.redbus.in/bus-tickets/durgapur-to-kolkata,Durgapur (West Bengal) to Kolkata,Express Line (Karunamoyee),16:30,03h 55m,20:25,4.4,INR 486,24 Seats available,Scania Multi-Axle AC Semi Sleeper (2+2)
https://www.redbus.in/bus-tickets/durgapur-to-kolkata,Durgapur (West Bengal) to Kolkata,Shyamoli Paribahan Pvt Ltd,16:40,04h 00m,20:40,3.9,INR 486,26 Seats available,Volvo A/C Seater (2+2)
https://www.redbus.in/bus-tickets/durgapur-to-kolkata,Durgapur (West Bengal) to Kolkata,SHYAMOLI Pvt. Ltd.(Karunamoyee),16:55,04h 00m,20:55,3.7,INR 486,29 Seats available,Volvo A/C Seater (2+2)
https://www.redbus.in/bus-tickets/durgapur-to-kolkata,Durgapur (West Bengal) to Kolkata,Greenline,17:10,03h 50m,21:00,4.4,INR 486,27 Seats available,Volvo A/C Seater (2+2)
https://www.redbus.in/bus-tickets/durgapur-to-kolkata,Durgapur (West Bengal) to Kolkata,Greenline (Karunamoyee),17:30,03h 50m,21:20,4.1,INR 486,20 Seats available,Volvo A/C Seater (2+2)
https://www.redbus.in/bus-tickets/durgapur-to-kolkata,Durgapur (West Bengal) to Kolkata,SHYAMOLI Pvt. Ltd.(Karunamoyee),18:00,03h 45m,21:45,3.8,INR 486,27 Seats available,Volvo A/C Seater (2+2)
https://www.redbus.in/bus-tickets/kolkata-to-burdwan,Kolkata to Burdwan,SHYAMOLI Pvt. Ltd.(Karunamoyee),08:40,02h 05m,10:45,4.1,INR 429,9 Seats available,Volvo Multi-Axle A/C Semi Sleeper (2+2)
https://www.redbus.in/bus-tickets/kolkata-to-burdwan,Kolkata to Burdwan,Shyamoli Paribahan Pvt Ltd,08:40,01h 50m,10:30,4.6,INR 429,18 Seats available,Volvo Multi-Axle A/C Semi Sleeper (2+2)
https://www.redbus.in/bus-tickets/kolkata-to-burdwan,Kolkata to Burdwan,Greenline,08:45,02h 30m,11:15,5.0,INR 429,17 Seats available,Volvo A/C Seater (2+2)
https://www.redbus.in/bus-tickets/kolkata-to-burdwan,Kolkata to Burdwan,Greenline (Karunamoyee),08:45,01h 30m,10:15,4.4,INR 429,4 Seats available,Volvo A/C B11R Multi Axle Semi Sleeper (2+2)
https://www.redbus.in/bus-tickets/kolkata-to-burdwan,Kolkata to Burdwan,Greenline (Karunamoyee),09:15,02h 30m,11:45,4.3,INR 429,13 Seats available,Volvo A/C Seater (2+2)
https://www.redbus.in/bus-tickets/kolkata-to-burdwan,Kolkata to Burdwan,Shyamoli Paribahan Pvt Ltd,09:15,02h 00m,11:15,4.4,INR 429,24 Seats available,Volvo A/C Seater (2+2)
https://www.redbus.in/bus-tickets/kolkata-to-burdwan,Kolkata to Burdwan,Greenline,09:50,02h 30m,12:20,4.3,INR 429,26 Seats available,Volvo A/C Seater (2+2)
https://www.redbus.in/bus-tickets/kolkata-to-burdwan,Kolkata to Burdwan,SHYAMOLI Pvt. Ltd.(Karunamoyee),10:00,02h 45m,12:45,4.5,INR 429,27 Seats available,Volvo B11R Multi Axle Seater (2+2)
https://www.redbus.in/bus-tickets/kolkata-to-burdwan,Kolkata to Burdwan,Greenline (Karunamoyee),11:00,02h 30m,13:30,4.3,INR 429,27 Seats available,Volvo A/C Seater (2+2)
https://www.redbus.in/bus-tickets/kolkata-to-burdwan,Kolkata to Burdwan,Shyamoli Paribahan Pvt Ltd,11:00,02h 15m,13:15,4.4,INR 429,24 Seats available,Volvo A/C Seater (2+2)
https://www.redbus.in/bus-tickets/kolkata-to-burdwan,Kolkata to Burdwan,Greenline,11:30,02h 30m,14:00,3.8,INR 429,36 Seats available,Volvo A/C Seater (2+2)
https://www.redbus.in/bus-tickets/kolkata-to-burdwan,Kolkata to Burdwan,SHYAMOLI Pvt. Ltd.(Karunamoyee),12:00,02h 15m,14:15,4.5,INR 429,29 Seats available,Volvo A/C Seater (2+2)
https://www.redbus.in/bus-tickets/kolkata-to-burdwan,Kolkata to Burdwan,Greenline,12:30,02h 35m,15:05,4.4,INR 429,37 Seats available,Volvo A/C Seater (2+2)
https://www.redbus.in/bus-tickets/kolkata-to-burdwan,Kolkata to Burdwan,Greenline (Karunamoyee),13:00,02h 30m,15:30,4.3,INR 429,28 Seats available,Volvo A/C Seater (2+2)
https://www.redbus.in/bus-tickets/kolkata-to-burdwan,Kolkata to Burdwan,Shyamoli Paribahan Pvt Ltd,13:00,02h 15m,15:15,4.5,INR 429,29 Seats available,Volvo A/C Seater (2+2)
https://www.redbus.in/bus-tickets/kolkata-to-burdwan,Kolkata to Burdwan,SHYAMOLI Pvt. Ltd.(Karunamoyee),14:00,02h 20m,16:20,4.5,INR 429,36 Seats available,Volvo A/C Seater (2+2)
https://www.redbus.in/bus-tickets/kolkata-to-burdwan,Kolkata to Burdwan,Shyamoli Paribahan Pvt Ltd,14:00,02h 00m,16:00,4.5,INR 429,30 Seats available,Volvo A/C Seater (2+2)
https://www.redbus.in/bus-tickets/kolkata-to-burdwan,Kolkata to Burdwan,Greenline,14:30,02h 15m,16:45,4.9,INR 429,37 Seats available,Volvo A/C Seater (2+2)
https://www.redbus.in/bus-tickets/kolkata-to-burdwan,Kolkata to Burdwan,Greenline (Karunamoyee),15:00,02h 35m,17:35,4.3,INR 429,27 Seats available,Volvo A/C Seater (2+2)
https://www.redbus.in/bus-tickets/kolkata-to-burdwan,Kolkata to Burdwan,Express Line (Karunamoyee),15:45,02h 15m,18:00,4.7,INR 429,25 Seats available,Volvo 9600 Multi Axle Semi-Sleeper (2+2)
https://www.redbus.in/bus-tickets/kolkata-to-burdwan,Kolkata to Burdwan,Greenline,16:00,01h 50m,17:50,4.2,INR 429,40 Seats available,Volvo 9600 Multi Axle Semi-Sleeper (2+2)
https://www.redbus.in/bus-tickets/kolkata-to-burdwan,Kolkata to Burdwan,SHYAMOLI Pvt. Ltd.(Karunamoyee),16:00,02h 30m,18:30,4.0,INR 429,32 Seats available,Volvo A/C Seater (2+2)
https://www.redbus.in/bus-tickets/kolkata-to-burdwan,Kolkata to Burdwan,Shyamoli Paribahan Pvt Ltd,16:40,02h 15m,18:55,4.2,INR 429,28 Seats available,Volvo A/C Seater (2+2)
https://www.redbus.in/bus-tickets/kolkata-to-burdwan,Kolkata to Burdwan,Greenline (Karunamoyee),16:45,02h 35m,19:20,4.4,INR 429,31 Seats available,Volvo A/C Seater (2+2)
https://www.redbus.in/bus-tickets/kolkata-to-burdwan,Kolkata to Burdwan,SHYAMOLI Pvt. Ltd.(Karunamoyee),17:30,02h 30m,20:00,4.1,INR 429,34 Seats available,Volvo A/C Seater (2+2)
https://www.redbus.in/bus-tickets/kolkata-to-burdwan,Kolkata to Burdwan,Greenline (Karunamoyee),18:00,02h 30m,20:30,4.4,INR 429,34 Seats available,Volvo A/C Seater (2+2)
https://www.redbus.in/bus-tickets/kolkata-to-burdwan,Kolkata to Burdwan,Lokenath Bus Service,18:00,02h 15m,20:15,4.2,429,41 Seats available,Volvo Multi Axle B11R AC Seater\Sleeper (2+1)
https://www.redbus.in/bus-tickets/kolkata-to-burdwan,Kolkata to Burdwan,Greenline,18:05,02h 40m,20:45,4.5,INR 429,36 Seats available,Volvo A/C Seater (2+2)
https://www.redbus.in/bus-tickets/kolkata-to-burdwan,Kolkata to Burdwan,Shyamoli Paribahan Pvt Ltd,18:40,02h 00m,20:40,4.7,INR 429,30 Seats available,Volvo A/C Seater (2+2)
https://www.redbus.in/bus-tickets/kolkata-to-burdwan,Kolkata to Burdwan,Suman sabir,10:00,03h 00m,13:00,2.5,INR 111,54 Seats available,Non AC Seater (2+3)
https://www.redbus.in/bus-tickets/kolkata-to-burdwan,Kolkata to Burdwan,Shyamoli Paribahan Pvt Ltd,12:00,02h 05m,14:05,2.6,INR 429,31 Seats available,Volvo A/C Seater (2+2)
https://www.redbus.in/bus-tickets/kolkata-to-burdwan,Kolkata to Burdwan,Suman sabir,18:50,03h 10m,22:00,2.5,INR 111,61 Seats available,Non AC Seater (2+3)
https://www.redbus.in/bus-tickets/kolkata-to-burdwan,Kolkata to Burdwan,Royal Cruiser,19:30,02h 45m,22:15,2.1,INR 300,23 Seats available,Volvo A/C Seater (2+2)
https://www.redbus.in/bus-tickets/kolkata-to-burdwan,Kolkata to Burdwan,Suman sabir,21:00,02h 59m,23:59,2.5,INR 111,54 Seats available,Non AC Seater (2+3)
https://www.redbus.in/bus-tickets/kolkata-to-burdwan,Kolkata to Burdwan,Greenline,20:00,02h 00m,22:00,4.3,INR 1050,19 Seats available,Volvo 9600 A/C Seater/Sleeper (2+1)
https://www.redbus.in/bus-tickets/kolkata-to-burdwan,Kolkata to Burdwan,Pammi Travels,21:00,02h 59m,23:59,3.1,INR 1000,36 Seats available,A/C Sleeper (2+1)
https://www.redbus.in/bus-tickets/kolkata-to-burdwan,Kolkata to Burdwan,Pammi Travels,21:00,02h 59m,23:59,3.1,INR 650,15 Seats available,Non A/C Seater / Sleeper (2+1)
https://www.redbus.in/bus-tickets/kolkata-to-burdwan,Kolkata to Burdwan,Maharani Express,15:30,02h 45m,18:15,2.1,900,17 Seats available,A/C Seater / Sleeper (2+2)
https://www.redbus.in/bus-tickets/kolkata-to-burdwan,Kolkata to Burdwan,Maharani Travels,16:30,03h 00m,19:30,2.5,720,12 Seats available,NON AC Seater / Sleeper 2+1
https://www.redbus.in/bus-tickets/kolkata-to-burdwan,Kolkata to Burdwan,Maharani Express,17:00,03h 00m,20:00,2.1,675,10 Seats available,NON A/C Seater / Sleeper (2+2)
https://www.redbus.in/bus-tickets/kolkata-to-burdwan,Kolkata to Burdwan,Pariwartan Bus Service,18:30,03h 00m,21:30,,INR 500,54 Seats available,NON A/C Seater / Sleeper (2+2)
https://www.redbus.in/bus-tickets/kolkata-to-burdwan,Kolkata to Burdwan,Maharani Express,19:30,02h 45m,22:15,2.1,1080,32 Seats available,Tata A/C Seater Executive Luxury (2+2)
https://www.redbus.in/bus-tickets/kolkata-to-durgapur,Kolkata to Durgapur (West Bengal),WBTC (CTC) KOLKATA - ASANSOL - PURULIA (AC VOLVO) Banglashree Express - 133|13:45,13:45,03h 00m,16:45,4.1,INR 350,23 Seats available,A/C Seater (2+2)
https://www.redbus.in/bus-tickets/kolkata-to-durgapur,Kolkata to Durgapur (West Bengal),Shyamoli Paribahan Pvt Ltd,08:40,03h 35m,12:15,4.6,INR 486,18 Seats available,Volvo Multi-Axle A/C Semi Sleeper (2+2)
https://www.redbus.in/bus-tickets/kolkata-to-durgapur,Kolkata to Durgapur (West Bengal),SHYAMOLI Pvt. Ltd.(Karunamoyee),08:40,03h 50m,12:30,4.0,INR 486,11 Seats available,Volvo Multi-Axle A/C Semi Sleeper (2+2)
https://www.redbus.in/bus-tickets/kolkata-to-durgapur,Kolkata to Durgapur (West Bengal),Greenline,08:45,04h 00m,12:45,4.6,INR 486,12 Seats available,Volvo A/C Seater (2+2)
https://www.redbus.in/bus-tickets/kolkata-to-durgapur,Kolkata to Durgapur (West Bengal),Greenline (Karunamoyee),08:45,03h 00m,11:45,4.6,INR 486,3 Seats available,Volvo A/C B11R Multi Axle Semi Sleeper (2+2)
https://www.redbus.in/bus-tickets/kolkata-to-durgapur,Kolkata to Durgapur (West Bengal),Greenline (Karunamoyee),09:15,04h 00m,13:15,4.7,INR 486,13 Seats available,Volvo A/C Seater (2+2)
https://www.redbus.in/bus-tickets/kolkata-to-durgapur,Kolkata to Durgapur (West Bengal),Shyamoli Paribahan Pvt Ltd,09:15,04h 00m,13:15,4.3,INR 486,24 Seats available,Volvo A/C Seater (2+2)
https://www.redbus.in/bus-tickets/kolkata-to-durgapur,Kolkata to Durgapur (West Bengal),Greenline,09:50,04h 00m,13:50,4.2,INR 486,25 Seats available,Volvo A/C Seater (2+2)
https://www.redbus.in/bus-tickets/kolkata-to-durgapur,Kolkata to Durgapur (West Bengal),SHYAMOLI Pvt. Ltd.(Karunamoyee),10:00,04h 00m,14:00,4.2,INR 486,27 Seats available,Volvo B11R Multi Axle Seater (2+2)
https://www.redbus.in/bus-tickets/kolkata-to-durgapur,Kolkata to Durgapur (West Bengal),Greenline (Karunamoyee),11:00,04h 00m,15:00,4.1,INR 486,27 Seats available,Volvo A/C Seater (2+2)
https://www.redbus.in/bus-tickets/kolkata-to-durgapur,Kolkata to Durgapur (West Bengal),Shyamoli Paribahan Pvt Ltd,11:00,04h 00m,15:00,4.2,INR 486,25 Seats available,Volvo A/C Seater (2+2)
https://www.redbus.in/bus-tickets/kolkata-to-durgapur,Kolkata to Durgapur (West Bengal),Greenline,11:30,04h 00m,15:30,3.9,INR 486,36 Seats available,Volvo A/C Seater (2+2)
https://www.redbus.in/bus-tickets/kolkata-to-durgapur,Kolkata to Durgapur (West Bengal),SHYAMOLI Pvt. Ltd.(Karunamoyee),12:00,04h 00m,16:00,4.5,INR 486,24 Seats available,Volvo A/C Seater (2+2)
https://www.redbus.in/bus-tickets/kolkata-to-durgapur,Kolkata to Durgapur (West Bengal),Shyamoli Paribahan Pvt Ltd,12:00,04h 00m,16:00,4.2,INR 486,30 Seats available,Volvo A/C Seater (2+2)
https://www.redbus.in/bus-tickets/kolkata-to-durgapur,Kolkata to Durgapur (West Bengal),Greenline,12:30,04h 00m,16:30,4.8,INR 486,37 Seats available,Volvo A/C Seater (2+2)
https://www.redbus.in/bus-tickets/kolkata-to-durgapur,Kolkata to Durgapur (West Bengal),Greenline (Karunamoyee),13:00,04h 00m,17:00,4.5,INR 486,27 Seats available,Volvo A/C Seater (2+2)
https://www.redbus.in/bus-tickets/kolkata-to-durgapur,Kolkata to Durgapur (West Bengal),Shyamoli Paribahan Pvt Ltd,13:00,04h 00m,17:00,3.9,INR 486,27 Seats available,Volvo A/C Seater (2+2)
https://www.redbus.in/bus-tickets/kolkata-to-durgapur,Kolkata to Durgapur (West Bengal),SHYAMOLI Pvt. Ltd.(Karunamoyee),14:00,04h 00m,18:00,4.4,INR 486,31 Seats available,Volvo A/C Seater (2+2)
https://www.redbus.in/bus-tickets/kolkata-to-durgapur,Kolkata to Durgapur (West Bengal),Shyamoli Paribahan Pvt Ltd,14:00,04h 00m,18:00,4.3,INR 486,30 Seats available,Volvo A/C Seater (2+2)
https://www.redbus.in/bus-tickets/kolkata-to-durgapur,Kolkata to Durgapur (West Bengal),Greenline,14:30,04h 00m,18:30,4.3,INR 486,37 Seats available,Volvo A/C Seater (2+2)
https://www.redbus.in/bus-tickets/kolkata-to-durgapur,Kolkata to Durgapur (West Bengal),Shyamoli Paribahan Pvt Ltd,15:00,03h 00m,18:00,4.0,INR 486,16 Seats available,Scania Multi-Axle AC Semi Sleeper (2+2)
https://www.redbus.in/bus-tickets/kolkata-to-durgapur,Kolkata to Durgapur (West Bengal),Greenline (Karunamoyee),15:00,04h 00m,19:00,4.6,INR 486,27 Seats available,Volvo A/C Seater (2+2)
https://www.redbus.in/bus-tickets/kolkata-to-durgapur,Kolkata to Durgapur (West Bengal),Express Line (Karunamoyee),15:45,04h 00m,19:45,4.9,INR 486,23 Seats available,Volvo 9600 Multi Axle Semi-Sleeper (2+2)
https://www.redbus.in/bus-tickets/kolkata-to-durgapur,Kolkata to Durgapur (West Bengal),SHYAMOLI Pvt. Ltd.(Karunamoyee),16:00,04h 00m,20:00,4.0,INR 486,24 Seats available,Volvo A/C Seater (2+2)
https://www.redbus.in/bus-tickets/kolkata-to-durgapur,Kolkata to Durgapur (West Bengal),Greenline,16:00,03h 15m,19:15,4.5,INR 486,21 Seats available,Volvo 9600 Multi Axle Semi-Sleeper (2+2)
https://www.redbus.in/bus-tickets/kolkata-to-durgapur,Kolkata to Durgapur (West Bengal),Shyamoli Paribahan Pvt Ltd,16:40,04h 00m,20:40,4.1,INR 486,22 Seats available,Volvo A/C Seater (2+2)
https://www.redbus.in/bus-tickets/kolkata-to-durgapur,Kolkata to Durgapur (West Bengal),Greenline (Karunamoyee),16:45,04h 00m,20:45,4.3,INR 486,31 Seats available,Volvo A/C Seater (2+2)
https://www.redbus.in/bus-tickets/kolkata-to-durgapur,Kolkata to Durgapur (West Bengal),SHYAMOLI Pvt. Ltd.(Karunamoyee),17:30,04h 00m,21:30,4.4,INR 486,34 Seats available,Volvo A/C Seater (2+2)
https://www.redbus.in/bus-tickets/kolkata-to-durgapur,Kolkata to Durgapur (West Bengal),Greenline (Karunamoyee),18:00,04h 00m,22:00,4.3,INR 486,34 Seats available,Volvo A/C Seater (2+2)
https://www.redbus.in/bus-tickets/kolkata-to-durgapur,Kolkata to Durgapur (West Bengal),Lokenath Bus Service,18:00,03h 30m,21:30,3.9,486,40 Seats available,Volvo Multi Axle B11R AC Seater\Sleeper (2+1)
https://www.redbus.in/bus-tickets/kolkata-to-durgapur,Kolkata to Durgapur (West Bengal),Greenline,18:05,04h 00m,22:05,4.4,INR 486,36 Seats available,Volvo A/C Seater (2+2)
https://www.redbus.in/bus-tickets/kolkata-to-durgapur,Kolkata to Durgapur (West Bengal),Shyamoli Paribahan Pvt Ltd,18:40,03h 45m,22:25,4.1,INR 486,30 Seats available,Volvo A/C Seater (2+2)
https://www.redbus.in/bus-tickets/kolkata-to-durgapur,Kolkata to Durgapur (West Bengal),Royal Cruiser,19:30,03h 45m,23:15,3.6,INR 500,23 Seats available,Volvo A/C Seater (2+2)
https://www.redbus.in/bus-tickets/kolkata-to-durgapur,Kolkata to Durgapur (West Bengal),Aitiana Airwings,20:30,03h 50m,00:20,4.0,INR 650,28 Seats available,A/C Seater/Sleeper (2+1)
https://www.redbus.in/bus-tickets/kolkata-to-durgapur,Kolkata to Durgapur (West Bengal),Maharani Travels,16:30,04h 15m,20:45,2.5,720,12 Seats available,NON AC Seater / Sleeper 2+1
https://www.redbus.in/bus-tickets/kolkata-to-durgapur,Kolkata to Durgapur (West Bengal),Maharani Express,17:00,03h 30m,20:30,2.1,675,10 Seats available,NON A/C Seater / Sleeper (2+2)
https://www.redbus.in/bus-tickets/kolkata-to-durgapur,Kolkata to Durgapur (West Bengal),Pariwartan Bus Service,18:30,04h 30m,23:00,,INR 500,54 Seats available,NON A/C Seater / Sleeper (2+2)
https://www.redbus.in/bus-tickets/kolkata-to-durgapur,Kolkata to Durgapur (West Bengal),Maharani Travels,21:05,04h 25m,01:30,2.5,675,16 Seats available,A/C Seater / Sleeper (2+1)
https://www.redbus.in/bus-tickets/kolkata-to-durgapur,Kolkata to Durgapur (West Bengal),Greenline,20:00,03h 58m,23:58,4.4,INR 1150,6 Seats available,Volvo 9600 A/C Seater/Sleeper (2+1)
https://www.redbus.in/bus-tickets/kolkata-to-durgapur,Kolkata to Durgapur (West Bengal),Maharani Express,15:30,04h 00m,19:30,2.1,900,7 Seats available,A/C Seater / Sleeper (2+2)
https://www.redbus.in/bus-tickets/kolkata-to-durgapur,Kolkata to Durgapur (West Bengal),Maharani Express,19:30,04h 00m,23:30,2.1,1080,32 Seats available,Tata A/C Seater Executive Luxury (2+2)
https://www.redbus.in/bus-tickets/kolkata-to-haldia,Kolkata to Haldia,Gogol City Service,12:50,02h 45m,15:35,3.9,INR 165,55 Seats available,AC Seater (2+3)
https://www.redbus.in/bus-tickets/kolkata-to-haldia,Kolkata to Haldia,Gogol City Service,13:30,02h 45m,16:15,4.5,INR 165,51 Seats available,AC Seater (2+3)
https://www.redbus.in/bus-tickets/kolkata-to-haldia,Kolkata to Haldia,Satadal Travels,14:55,03h 20m,18:15,4.0,167,40 Seats available,A/C Seater (2+2)
https://www.redbus.in/bus-tickets/kolkata-to-haldia,Kolkata to Haldia,Diamond City Service,15:10,03h 45m,18:55,4.5,INR 184,40 Seats available,A/C Executive (2+3)
https://www.redbus.in/bus-tickets/kolkata-to-haldia,Kolkata to Haldia,Droupadi City Service,15:20,02h 50m,18:10,3.7,INR 200,60 Seats available,A/C Seater (2+3)
https://www.redbus.in/bus-tickets/kolkata-to-haldia,Kolkata to Haldia,Droupadi Bus Service,16:20,02h 50m,19:10,3.4,INR 131,54 Seats available,Non AC Seater (2+3)
https://www.redbus.in/bus-tickets/kolkata-to-haldia,Kolkata to Haldia,Droupadi Bus Service,16:20,03h 55m,20:15,3.4,INR 149,54 Seats available,A/C Seater Push Back (2+3)
https://www.redbus.in/bus-tickets/kolkata-to-haldia,Kolkata to Haldia,Monikanchan Bus Service,16:40,04h 00m,20:40,3.2,INR 130,52 Seats available,Non AC Seater (2+3)
https://www.redbus.in/bus-tickets/kolkata-to-haldia,Kolkata to Haldia,Swapna Paribahan,16:55,04h 30m,21:25,4.0,INR 144.21,25 Seats available,Non AC Seater (2+3)
https://www.redbus.in/bus-tickets/kolkata-to-haldia,Kolkata to Haldia,KRISHNAKALI,14:45,02h 45m,17:30,2.7,INR 165,59 Seats available,A/C Seater (2+3)
https://www.redbus.in/bus-tickets/kolkata-to-midnapore,Kolkata to Midnapore,WBTC (CTC) Barasat-Midnapur - 208|16:25,16:25,01h 50m,18:15,1.9,INR 105,38 Seats available,Non AC Seater (2+3)
https://www.redbus.in/bus-tickets/kolkata-to-arambagh-west-bengal,Kolkata to Arambagh (West Bengal),SBSTC-KOLKATA -ARAMBAG 09:30 A.M (ARAM DEPOT) - KOLNS2-D/09-30,09:30,01h 59m,11:29,3.4,INR 95,49 Seats available,Express(Non AC Seater)
https://www.redbus.in/bus-tickets/kolkata-to-arambagh-west-bengal,Kolkata to Arambagh (West Bengal),SBSTC-KOLKATA -ARAMBAG 10:30 A.M (ARAM DEPOT) - KOLNS3-D/10-30,10:30,01h 59m,12:29,2.9,INR 95,49 Seats available,Express(Non AC Seater)
https://www.redbus.in/bus-tickets/kolkata-to-arambagh-west-bengal,Kolkata to Arambagh (West Bengal),SBSTC-KOLKATA-ARAMBAG 11:00 A.M (ARAM DEPOT) - DIGHANH-1-D/14-00,11:00,02h 00m,13:00,3.4,INR 77,52 Seats available,Express(Non AC Seater)
https://www.redbus.in/bus-tickets/kolkata-to-arambagh-west-bengal,Kolkata to Arambagh (West Bengal),SBSTC-KOLKATA-ARAMBAGH 11:30 A.M (ARAM DEPOT) - KOL N/H-1-D/11-30,11:30,01h 59m,13:29,3.4,INR 95,52 Seats available,Express(Non AC Seater)
https://www.redbus.in/bus-tickets/kolkata-to-arambagh-west-bengal,Kolkata to Arambagh (West Bengal),SBSTC-KOLKATA-ARAMBAGH- 12:30 (ARAM DEPOT) - KOL N/H 2-D/12-30,12:30,01h 59m,14:29,3.4,INR 95,52 Seats available,Express(Non AC Seater)
https://www.redbus.in/bus-tickets/kolkata-to-arambagh-west-bengal,Kolkata to Arambagh (West Bengal),SBSTC-KOLKATA-ARAMBAGH 14:30 P.M (ARAM DEPOT) - KOL N/H 2-D/14-30,14:30,02h 59m,17:29,3.4,INR 95,52 Seats available,Express(Non AC Seater)
https://www.redbus.in/bus-tickets/kolkata-to-arambagh-west-bengal,Kolkata to Arambagh (West Bengal),SBSTC-KOLKATA -ARAMBAG 15:30 P.M (ARAM DEPOT) - KOLNS1-D/15-30,15:30,01h 59m,17:29,3.4,INR 95,52 Seats available,Express(Non AC Seater)
https://www.redbus.in/bus-tickets/kolkata-to-arambagh-west-bengal,Kolkata to Arambagh (West Bengal),SBSTC-KOLKATA -ARAMBAG 16:30 P.M (ARAM DEPOT) - KOLNS2-D/16-30,16:30,01h 59m,18:29,3.1,INR 95,50 Seats available,Express(Non AC Seater)
https://www.redbus.in/bus-tickets/kolkata-to-arambagh-west-bengal,Kolkata to Arambagh (West Bengal),SBSTC-KOLKATA -ARAMBAG 17:30 P.M (ARAM DEPOT) - KOLNS3-D/17-30,17:30,01h 59m,19:29,2.5,INR 95,52 Seats available,Express(Non AC Seater)
https://www.redbus.in/bus-tickets/kolkata-to-digha,Kolkata to Digha,Shyamoli Paribahan Pvt Ltd,23:30,05h 00m,04:30,4.5,INR 500,34 Seats available,VE A/C Seater (2+2)
https://www.redbus.in/bus-tickets/kolkata-to-digha,Kolkata to Digha,Express Line,08:40,03h 15m,11:55,4.2,INR 299,25 Seats available,Volvo 9600 Multi Axle Semi-Sleeper (2+2)
https://www.redbus.in/bus-tickets/kolkata-to-digha,Kolkata to Digha,Express Line,23:45,05h 00m,04:45,4.2,INR 449,49 Seats available,VE A/C Seater (2+2)
https://www.redbus.in/bus-tickets/kolkata-to-digha,Kolkata to Digha,AdSANTOSH BUS SERVICE,23:59,05h 06m,05:05,4.3,INR 499,49 Seats available,A/C Seater / Sleeper (2+2)
https://www.redbus.in/bus-tickets/kolkata-to-digha,Kolkata to Digha,Mayuri Express,23:15,05h 15m,04:30,4.1,INR 300,29 Seats available,AC Seater (2+2)
https://www.redbus.in/bus-tickets/kolkata-to-digha,Kolkata to Digha,Parameswar Travels,23:45,05h 15m,05:00,3.7,238,56 Seats available,A/C Seater Push Back (2+3)
https://www.redbus.in/bus-tickets/kolkata-to-digha,Kolkata to Digha,Sagufta Travels(Maa chandi),00:40,04h 30m,05:10,4.4,INR 365,18 Seats available,A/C Seater / Sleeper (2+2)
https://www.redbus.in/bus-tickets/kolkata-to-digha,Kolkata to Digha,Parameswar Travels,23:59,05h 01m,05:00,3.6,238,53 Seats available,A/C Seater Push Back (2+3)
https://www.redbus.in/bus-tickets/kolkata-to-digha,Kolkata to Digha,Parameswar Travels,13:10,04h 46m,17:56,3.8,238,51 Seats available,A/C Seater Push Back (2+3)
https://www.redbus.in/bus-tickets/kolkata-to-digha,Kolkata to Digha,Parameswar Travels,09:30,02h 45m,12:15,3.1,238,32 Seats available,A/C Seater Push Back (2+3)
https://www.redbus.in/bus-tickets/kolkata-to-digha,Kolkata to Digha,Parameswar Travels,23:55,05h 05m,05:00,3.4,238,56 Seats available,A/C Seater Push Back (2+3)
https://www.redbus.in/bus-tickets/kolkata-to-digha,Kolkata to Digha,Sagufta Travels (Mayuri),23:15,04h 45m,04:00,4.5,INR 365,20 Seats available,A/C Seater (2+2)
https://www.redbus.in/bus-tickets/kolkata-to-digha,Kolkata to Digha,Bhorpet Travels,23:50,04h 10m,04:00,4.6,INR 500,34 Seats available,A/C Seater/Sleeper (2+1)
https://www.redbus.in/bus-tickets/kolkata-to-digha,Kolkata to Digha,Sagufta Travels(Sonamoni),11:20,05h 00m,16:20,3.5,INR 315,18 Seats available,A/C Seater Push Back (2+3)
https://www.redbus.in/bus-tickets/kolkata-to-digha,Kolkata to Digha,Parameswar Travels,21:50,05h 55m,03:45,3.9,238,56 Seats available,A/C Seater Push Back (2+3)
https://www.redbus.in/bus-tickets/kolkata-to-digha,Kolkata to Digha,Basu Travels,23:30,05h 00m,04:30,3.6,INR 399,20 Seats available,A/C Seater Push Back (2+3)
https://www.redbus.in/bus-tickets/kolkata-to-digha,Kolkata to Digha,Sagufta Travels (Maity),00:55,04h 55m,05:50,3.2,INR 415,30 Seats available,A/C Seater (2+3)
https://www.redbus.in/bus-tickets/kolkata-to-digha,Kolkata to Digha,Sagufta Travels (Atithi),23:59,05h 01m,05:00,3.0,INR 315,36 Seats available,A/C Seater Push Back (2+3)
https://www.redbus.in/bus-tickets/kolkata-to-digha,Kolkata to Digha,Mayuri Express,18:20,04h 30m,22:50,2.6,INR 440,61 Seats available,A/C Seater (2+3)
https://www.redbus.in/bus-tickets/kolkata-to-digha,Kolkata to Digha,Ankita Paribahan(Atithi),23:55,05h 05m,05:00,3.7,416,20 Seats available,A/C Seater (2+3)
https://www.redbus.in/bus-tickets/kolkata-to-digha,Kolkata to Digha,SANTOSH BUS SERVICE,15:55,05h 15m,21:10,3.5,INR 370,34 Seats available,AC Seater (2+3)
https://www.redbus.in/bus-tickets/kolkata-to-digha,Kolkata to Digha,City Express (Maa Gauri),12:40,04h 30m,17:10,2.6,INR 370,21 Seats available,AC Seater (2+3)
https://www.redbus.in/bus-tickets/kolkata-to-digha,Kolkata to Digha,Ankita Paribahan(Janhabi),16:45,04h 35m,21:20,2.7,405,31 Seats available,A/C Seater Push Back (2+3)
https://www.redbus.in/bus-tickets/kolkata-to-digha,Kolkata to Digha,Sagufta Travels(Lokenath),00:30,05h 00m,05:30,3.1,INR 415,30 Seats available,A/C Seater Push Back (2+3)
https://www.redbus.in/bus-tickets/kolkata-to-digha,Kolkata to Digha,Samanta Travels,18:50,04h 40m,23:30,2.8,INR 300,61 Seats available,A/C Seater (2+3)
https://www.redbus.in/bus-tickets/kolkata-to-digha,Kolkata to Digha,City Express (SONAMONI),11:28,04h 42m,16:10,2.8,INR 370,21 Seats available,AC Seater (2+3)
https://www.redbus.in/bus-tickets/kolkata-to-digha,Kolkata to Digha,SANTOSH BUS SERVICE,19:00,04h 35m,23:35,2.7,INR 399,45 Seats available,AC Seater (2+3)
https://www.redbus.in/bus-tickets/kolkata-to-digha,Kolkata to Digha,Sagufta Travels (Maa Gauri),12:30,04h 50m,17:20,2.5,INR 315,20 Seats available,A/C Seater Push Back (2+3)
https://www.redbus.in/bus-tickets/kolkata-to-digha,Kolkata to Digha,Snemita Paribahan(Maa Gauri Gold),11:00,04h 45m,15:45,2.6,INR 370,20 Seats available,AC Seater (2+3)
https://www.redbus.in/bus-tickets/kolkata-to-digha,Kolkata to Digha,Maa Chandi Travels,23:40,04h 50m,04:30,New,INR 400,30 Seats available,A/C Seater / Sleeper (2+2)
https://www.redbus.in/bus-tickets/kolkata-to-digha,Kolkata to Digha,Maa Chandi Travels,23:57,05h 13m,05:10,New,INR 400,29 Seats available,A/C Seater / Sleeper (2+2)
https://www.redbus.in/bus-tickets/kolkata-to-digha,Kolkata to Digha,Maa Chandi Travels,22:00,07h 30m,05:30,New,INR 400,29 Seats available,A/C Seater / Sleeper (2+2)
https://www.redbus.in/bus-tickets/kolkata-to-digha,Kolkata to Digha,Snemita Pariseba(Santosh),18:30,05h 00m,23:30,2.5,INR 370,20 Seats available,AC Seater (2+3)
https://www.redbus.in/bus-tickets/kolkata-to-digha,Kolkata to Digha,Parameswar Travels,10:10,04h 46m,14:56,2.5,289,56 Seats available,A/C Seater Push Back (2+3)
https://www.redbus.in/bus-tickets/kolkata-to-digha,Kolkata to Digha,Ankita Paribahan( Haimanti),19:50,04h 15m,00:05,1.9,370,41 Seats available,A/C Seater Push Back (2+3)
https://www.redbus.in/bus-tickets/kolkata-to-digha,Kolkata to Digha,Sagufta Travels(Janhabi),16:45,04h 30m,21:15,2.0,INR 315,23 Seats available,A/C Seater Push Back (2+3)
https://www.redbus.in/bus-tickets/kolkata-to-digha,Kolkata to Digha,Snemita Parisheba(Samanta),18:00,04h 25m,22:25,2.2,INR 370,25 Seats available,AC Seater (2+3)
https://www.redbus.in/bus-tickets/kolkata-to-digha,Kolkata to Digha,Sagufta Travels (Kojagor),15:50,04h 30m,20:20,2.1,INR 315,10 Seats available,A/C Seater (2+3)
https://www.redbus.in/bus-tickets/kolkata-to-digha,Kolkata to Digha,SANTOSH BUS SERVICE,19:25,04h 34m,23:59,1.6,INR 299,36 Seats available,AC Seater (2+3)
https://www.redbus.in/bus-tickets/kolkata-to-digha,Kolkata to Digha,Sagufta Travels (Sagar Kanya),23:30,05h 10m,04:40,1.7,INR 315,18 Seats available,A/C Seater Push Back (2+3)
https://www.redbus.in/bus-tickets/kolkata-to-digha,Kolkata to Digha,Haimanti Bus Service,19:50,05h 40m,01:30,1.5,INR 340,20 Seats available,AC Seater (2+3)
https://www.redbus.in/bus-tickets/kolkata-to-digha,Kolkata to Digha,Sagufta Travels(Angel),23:58,05h 12m,05:10,3.8,INR 315,24 Seats available,A/C Seater (2+2)
https://www.redbus.in/bus-tickets/kolkata-to-digha,Kolkata to Digha,SANTOSH BUS SERVICE,23:45,04h 50m,04:35,3.5,INR 499,45 Seats available,A/C Seater / Sleeper (2+2)
https://www.redbus.in/bus-tickets/kolkata-to-digha,Kolkata to Digha,Sagufta Travels (Maa Gauri),11:00,04h 30m,15:30,3.5,INR 315,20 Seats available,A/C Seater (2+3)
https://www.redbus.in/bus-tickets/kolkata-to-digha,Kolkata to Digha,Sagufta Travels (Kojagor),17:00,04h 50m,21:50,3.5,INR 315,26 Seats available,A/C Seater Push Back (2+3)
https://www.redbus.in/bus-tickets/kolkata-to-digha,Kolkata to Digha,Sagufta Travels (Samanta),18:00,04h 30m,22:30,3.5,INR 315,20 Seats available,A/C Seater (2+3)
https://www.redbus.in/bus-tickets/kolkata-to-digha,Kolkata to Digha,SANTOSH BUS SERVICE,18:30,05h 15m,23:45,3.4,INR 390,45 Seats available,AC Seater (2+3)
https://www.redbus.in/bus-tickets/kolkata-to-digha,Kolkata to Digha,SANTOSH BUS SERVICE,17:50,04h 40m,22:30,3.4,INR 349,41 Seats available,AC Seater (2+3)
https://www.redbus.in/bus-tickets/kolkata-to-digha,Kolkata to Digha,SANTOSH BUS SERVICE,19:25,05h 20m,00:45,3.4,INR 349,41 Seats available,AC Seater (2+3)
https://www.redbus.in/bus-tickets/kolkata-to-digha,Kolkata to Digha,Sagufta Travels (Santosh),01:20,04h 40m,06:00,3.5,INR 515,20 Seats available,A/C Seater / Sleeper (2+2)
https://www.redbus.in/bus-tickets/kolkata-to-digha,Kolkata to Digha,Samanta Travels,18:10,05h 00m,23:10,3.3,INR 300,16 Seats available,A/C Seater (2+3)
https://www.redbus.in/bus-tickets/kolkata-to-digha,Kolkata to Digha,City Express (Shinjini),23:50,05h 05m,04:55,3.0,INR 370,35 Seats available,AC Seater (2+3)
https://www.redbus.in/bus-tickets/kolkata-to-digha,Kolkata to Digha,Snemita Paribahan(Shinjini),23:50,04h 40m,04:30,3.2,INR 420,20 Seats available,A/C Seater (2+3)
https://www.redbus.in/bus-tickets/kolkata-to-digha,Kolkata to Digha,Snemita Paribahan (Bhorpet),23:55,04h 50m,04:45,3.2,INR 420,29 Seats available,AC Seater (2+2)
https://www.redbus.in/bus-tickets/kolkata-to-digha,Kolkata to Digha,Ankita Paribahan (SOHANA),12:40,05h 20m,18:00,4.4,360,43 Seats available,AC Seater (2+3)
https://www.redbus.in/bus-tickets/kolkata-to-digha,Kolkata to Digha,Basu Travels,10:40,04h 20m,15:00,3.2,INR 399,30 Seats available,A/C Seater Push Back (2+3)
https://www.redbus.in/bus-tickets/kolkata-to-digha,Kolkata to Digha,Purusottam Travels,14:40,05h 15m,19:55,3.7,INR 320,46 Seats available,A/C Seater (2+3)
https://www.redbus.in/bus-tickets/kolkata-to-digha,Kolkata to Digha,SANTOSH BUS SERVICE,00:50,05h 10m,06:00,3.1,INR 350,36 Seats available,AC Seater (2+3)
https://www.redbus.in/bus-tickets/kolkata-to-digha,Kolkata to Digha,SANTOSH BUS SERVICE,22:40,06h 50m,05:30,2.7,INR 549,35 Seats available,A/C Seater / Sleeper (2+2)
https://www.redbus.in/bus-tickets/kolkata-to-digha,Kolkata to Digha,Snemita Paribahan (Maa Gouri),12:40,04h 30m,17:10,2.8,INR 370,20 Seats available,AC Seater (2+3)
https://www.redbus.in/bus-tickets/kolkata-to-digha,Kolkata to Digha,Basu Travels,14:32,04h 28m,19:00,2.4,INR 390,20 Seats available,A/C Seater Push Back (2+3)
https://www.redbus.in/bus-tickets/kolkata-to-digha,Kolkata to Digha,Snemita Paribahan (Sathi),17:40,04h 20m,22:00,2.9,INR 380,25 Seats available,A/C Seater (2+3)
https://www.redbus.in/bus-tickets/kolkata-to-digha,Kolkata to Digha,Snemita Paribahan(SONAMONI),11:28,04h 42m,16:10,2.9,INR 370,20 Seats available,A/C Seater (2+3)
https://www.redbus.in/bus-tickets/kolkata-to-digha,Kolkata to Digha,Sagufta Travels (Maa Chandi),13:30,04h 35m,18:05,2.5,INR 315,20 Seats available,A/C Seater Push Back (2+3)
https://www.redbus.in/bus-tickets/kolkata-to-digha,Kolkata to Digha,Purusottam Travels,14:39,05h 26m,20:05,2.7,INR 300,46 Seats available,A/C Seater (2+3)
https://www.redbus.in/bus-tickets/kolkata-to-digha,Kolkata to Digha,City Express (Ruposhi),15:55,04h 55m,20:50,1.6,INR 370,31 Seats available,AC Seater (2+3)
https://www.redbus.in/bus-tickets/kolkata-to-digha,Kolkata to Digha,Snemita Parisheba (Samanta),08:45,04h 30m,13:15,1.8,INR 370,23 Seats available,A/C Seater (2+3)
https://www.redbus.in/bus-tickets/kolkata-to-digha,Kolkata to Digha,Basu Travels,14:25,04h 45m,19:10,1.4,INR 399,66 Seats available,A/C Seater Push Back (2+3)
https://www.redbus.in/bus-tickets/kolkata-to-digha,Kolkata to Digha,Snemita Paribahan (Ruposhi),15:55,04h 55m,20:50,1.9,INR 370,30 Seats available,AC Seater (2+3)
https://www.redbus.in/bus-tickets/kolkata-to-digha,Kolkata to Digha,Snemita Paribahan (ANGEL),23:58,05h 02m,05:00,2.0,INR 420,25 Seats available,A/C Seater Push Back (2+2)
https://www.redbus.in/bus-tickets/kolkata-to-digha,Kolkata to Digha,Snemita Parisheba,15:15,04h 30m,19:45,1.3,INR 370,19 Seats available,A/C Push Back (2+3)
https://www.redbus.in/bus-tickets/kolkata-to-digha,Kolkata to Digha,Bengal Surface Transport,14:29,04h 46m,19:15,1.7,INR 379,41 Seats available,A/C Seater Push Back (2+3)
https://www.redbus.in/bus-tickets/kolkata-to-digha,Kolkata to Digha,Bengal Surface Transport,23:59,05h 01m,05:00,1.5,INR 399,61 Seats available,A/C Seater Push Back (2+3)
https://www.redbus.in/bus-tickets/kolkata-to-digha,Kolkata to Digha,Snemita Parisheba,19:30,04h 40m,00:10,1.4,INR 370,20 Seats available,AC Seater (2+3)
https://www.redbus.in/bus-tickets/kolkata-to-digha,Kolkata to Digha,Friends Travels,23:55,05h 15m,05:10,2.5,INR 350,1 Seat available,A/C Seater (2+3)
https://www.redbus.in/bus-tickets/kolkata-to-digha,Kolkata to Digha,City Express (BHORPET),17:40,04h 20m,22:00,1.4,INR 370,31 Seats available,AC Seater (2+3)
https://www.redbus.in/bus-tickets/kolkata-to-digha,Kolkata to Digha,SANTOSH BUS SERVICE,17:20,04h 30m,21:50,1.0,INR 349,46 Seats available,AC Seater (2+3)
https://www.redbus.in/bus-tickets/kolkata-to-digha,Kolkata to Digha,Bengal Surface Transport,23:20,05h 10m,04:30,2.4,INR 419,21 Seats available,A/C Seater Push Back (2+3)
https://www.redbus.in/bus-tickets/kolkata-to-digha,Kolkata to Digha,Arunita Paribahan,23:45,05h 00m,04:45,1.6,INR 370,21 Seats available,AC Seater (2+2)
https://www.redbus.in/bus-tickets/kolkata-to-digha,Kolkata to Digha,Haimanti Bus Service,12:40,04h 50m,17:30,1.5,INR 250,20 Seats available,AC Seater (2+3)
https://www.redbus.in/bus-tickets/kolkata-to-digha,Kolkata to Digha,Kojagar Travels,16:50,05h 10m,22:00,3.7,INR 420,30 Seats available,A/C Seater (2+3)
https://www.redbus.in/bus-tickets/kolkata-to-digha,Kolkata to Digha,Mayuri Express,23:59,04h 46m,04:45,3.8,INR 300,42 Seats available,A/C Seater / Sleeper (2+1)
https://www.redbus.in/bus-tickets/kolkata-to-digha,Kolkata to Digha,Basu Travels,23:55,05h 05m,05:00,3.6,INR 469,21 Seats available,A/C Seater Push Back (2+3)
https://www.redbus.in/bus-tickets/kolkata-to-digha,Kolkata to Digha,Sagufta Travels (Bhorpet Travels),23:55,05h 15m,05:10,3.5,INR 365,15 Seats available,AC Sleeper (2+1)
https://www.redbus.in/bus-tickets/kolkata-to-digha,Kolkata to Digha,Sagufta Travels (Mayuri),23:54,04h 46m,04:40,3.5,INR 365,28 Seats available,A/C Seater / Sleeper (2+2)
https://www.redbus.in/bus-tickets/kolkata-to-digha,Kolkata to Digha,Sagufta Travels (Santosh),23:56,04h 49m,04:45,3.5,INR 365,32 Seats available,A/C Seater / Sleeper (2+2)
https://www.redbus.in/bus-tickets/kolkata-to-digha,Kolkata to Digha,SANTOSH BUS SERVICE,16:10,05h 35m,21:45,3.4,INR 350,40 Seats available,Non AC Seater (2+3)
https://www.redbus.in/bus-tickets/kolkata-to-digha,Kolkata to Digha,SANTOSH BUS SERVICE,12:50,04h 50m,17:40,3.4,INR 350,41 Seats available,AC Seater (2+3)
https://www.redbus.in/bus-tickets/kolkata-to-digha,Kolkata to Digha,SANTOSH BUS SERVICE,23:59,05h 01m,05:00,3.4,INR 350,39 Seats available,AC Seater (2+3)
https://www.redbus.in/bus-tickets/kolkata-to-digha,Kolkata to Digha,SANTOSH BUS SERVICE,15:15,05h 15m,20:30,3.4,INR 350,36 Seats available,AC Seater (2+3)
https://www.redbus.in/bus-tickets/kolkata-to-digha,Kolkata to Digha,Snemita Paribahan (Shinjini),12:20,04h 30m,16:50,3.2,INR 390,32 Seats available,AC Seater (2+3)
https://www.redbus.in/bus-tickets/kolkata-to-digha,Kolkata to Digha,Snemita Paribahan(Maa Chandi),13:35,04h 30m,18:05,3.2,INR 370,20 Seats available,AC Seater (2+3)
https://www.redbus.in/bus-tickets/kolkata-to-digha,Kolkata to Digha,Purusottam Travels,14:30,04h 30m,19:00,3.2,INR 250,33 Seats available,NON A/C Seater (2+3)
https://www.redbus.in/bus-tickets/kolkata-to-digha,Kolkata to Digha,Purusottam Travels,14:35,04h 25m,19:00,3.2,INR 280,48 Seats available,NON A/C Seater (2+3)
https://www.redbus.in/bus-tickets/kolkata-to-digha,Kolkata to Digha,City Express (Maa Gouri),11:00,04h 30m,15:30,3.2,INR 370,21 Seats available,AC Seater (2+3)
https://www.redbus.in/bus-tickets/kolkata-to-digha,Kolkata to Digha,Snemita Paribahan (Shinjini),23:45,04h 50m,04:35,3.2,INR 420,16 Seats available,AC Seater (2+2)
https://www.redbus.in/bus-tickets/kolkata-to-digha,Kolkata to Digha,City Express (Maa Chandi),13:35,04h 25m,18:00,3.2,INR 370,21 Seats available,AC Seater (2+3)
https://www.redbus.in/bus-tickets/kolkata-to-digha,Kolkata to Digha,City Express (Shinjini),23:45,04h 50m,04:35,3.2,INR 420,12 Seats available,AC Seater (2+2)
https://www.redbus.in/bus-tickets/kolkata-to-digha,Kolkata to Digha,Snemita Parisheba,19:05,04h 40m,23:45,2.8,INR 370,20 Seats available,AC Seater (2+3)
https://www.redbus.in/bus-tickets/kolkata-to-digha,Kolkata to Digha,Snemita Parisheba,15:20,04h 50m,20:10,2.8,INR 370,31 Seats available,AC Seater (2+3)
https://www.redbus.in/bus-tickets/kolkata-to-digha,Kolkata to Digha,Snemita Parisheba,14:45,04h 40m,19:25,2.8,INR 370,41 Seats available,AC Seater (2+3)
https://www.redbus.in/bus-tickets/kolkata-to-digha,Kolkata to Digha,Snemita Parisheba,16:10,04h 30m,20:40,2.8,INR 370,25 Seats available,AC Seater (2+3)
https://www.redbus.in/bus-tickets/kolkata-to-digha,Kolkata to Digha,Snemita Parisheba(SANTOSH),23:50,05h 10m,05:00,2.8,INR 370,20 Seats available,AC Seater (2+3)
https://www.redbus.in/bus-tickets/kolkata-to-digha,Kolkata to Digha,Snemita Parisheba,11:50,05h 00m,16:50,2.8,INR 370,20 Seats available,AC Seater (2+3)
https://www.redbus.in/bus-tickets/kolkata-to-digha,Kolkata to Digha,Ankita Paribahan(Atithi),22:40,06h 40m,05:20,2.7,352,20 Seats available,A/C Seater Push Back (2+3)
https://www.redbus.in/bus-tickets/kolkata-to-digha,Kolkata to Digha,Ankita Paribahan (Anuska),13:50,05h 10m,19:00,2.7,360,41 Seats available,AC Seater (2+3)
https://www.redbus.in/bus-tickets/kolkata-to-digha,Kolkata to Digha,Ankita Paribahan (Maity Motor),22:20,04h 40m,03:00,2.7,393,25 Seats available,A/C Seater Push Back (2+3)
https://www.redbus.in/bus-tickets/kolkata-to-digha,Kolkata to Digha,Bengal Surface Transport,10:40,04h 20m,15:00,2.4,INR 399,66 Seats available,A/C Seater Push Back (2+3)
https://www.redbus.in/bus-tickets/kolkata-to-digha,Kolkata to Digha,Subhadip Travels(Kojagar),16:50,04h 40m,21:30,2.2,378,31 Seats available,Non AC Seater (2+3)
https://www.redbus.in/bus-tickets/kolkata-to-digha,Kolkata to Digha,Subhadip Travels(Radha Gobinda),15:25,05h 35m,21:00,2.2,378,66 Seats available,A/C Seater (2+3)
https://www.redbus.in/bus-tickets/kolkata-to-digha,Kolkata to Digha,Subhadip Travels(jahnabi),17:20,04h 15m,21:35,2.2,378,46 Seats available,A/C Executive (2+3)
https://www.redbus.in/bus-tickets/kolkata-to-digha,Kolkata to Digha,Subhadip Travels(Anuska),15:30,05h 00m,20:30,2.2,378,60 Seats available,A/C Executive (2+3)
https://www.redbus.in/bus-tickets/kolkata-to-digha,Kolkata to Digha,Arunita Paribahan,09:30,04h 30m,14:00,1.6,INR 380,21 Seats available,A/C Executive (2+3)
https://www.redbus.in/bus-tickets/kolkata-to-digha,Kolkata to Digha,Kojagar Travels,15:40,05h 50m,21:30,3.7,INR 420,20 Seats available,A/C Seater (2+3)
https://www.redbus.in/bus-tickets/kolkata-to-digha,Kolkata to Digha,Anadi Travels (Disha Gold),23:00,05h 40m,04:40,1.0,INR 699,60 Seats available,A/C Seater Push Back (2+3)
https://www.redbus.in/bus-tickets/digha-to-kolkata,Digha to Kolkata,Greenline,13:40,04h 45m,18:25,4.4,INR 300,5 Seats available,Volvo A/C Seater (2+2)
https://www.redbus.in/bus-tickets/digha-to-kolkata,Digha to Kolkata,Shyamoli Paribahan Pvt Ltd,13:45,05h 10m,18:55,4.4,INR 400,8 Seats available,VE A/C Seater (2+2)
https://www.redbus.in/bus-tickets/digha-to-kolkata,Digha to Kolkata,Express Line,13:45,04h 30m,18:15,4.3,INR 339,26 Seats available,Volvo 9600 Multi Axle Semi-Sleeper (2+2)
https://www.redbus.in/bus-tickets/digha-to-kolkata,Digha to Kolkata,Shyamoli Paribahan Pvt Ltd,13:30,04h 55m,18:25,4.2,INR 400,9 Seats available,Volvo A/C Seater (2+2)
https://www.redbus.in/bus-tickets/digha-to-kolkata,Digha to Kolkata,Greenline,13:30,04h 45m,18:15,4.2,INR 300,11 Seats available,Volvo A/C Seater (2+2)
https://www.redbus.in/bus-tickets/digha-to-kolkata,Digha to Kolkata,Express Line,10:25,04h 55m,15:20,4.0,INR 449,16 Seats available,VE A/C Seater (2+2)
https://www.redbus.in/bus-tickets/digha-to-kolkata,Digha to Kolkata,Mayuri Express,10:30,05h 00m,15:30,3.9,INR 350,21 Seats available,AC Seater (2+2)
https://www.redbus.in/bus-tickets/digha-to-kolkata,Digha to Kolkata,Mayuri Express,11:15,04h 45m,16:00,3.9,INR 300,33 Seats available,A/C Seater (2+3)
https://www.redbus.in/bus-tickets/digha-to-kolkata,Digha to Kolkata,Parameswar Travels,09:30,04h 45m,14:15,3.8,289,44 Seats available,A/C Seater Push Back (2+3)
https://www.redbus.in/bus-tickets/digha-to-kolkata,Digha to Kolkata,Ankita Paribahan(Atithi),13:35,04h 15m,17:50,3.0,288,34 Seats available,A/C Seater Push Back (2+3)
https://www.redbus.in/bus-tickets/digha-to-kolkata,Digha to Kolkata,Bhorpet Travels,09:20,04h 40m,14:00,4.4,INR 700,16 Seats available,A/C Seater/Sleeper (2+1)
https://www.redbus.in/bus-tickets/digha-to-kolkata,Digha to Kolkata,Monikanchan Bus Service,13:30,04h 15m,17:45,3.0,INR 375,7 Seats available,A/C Seater (2+3)
https://www.redbus.in/bus-tickets/digha-to-kolkata,Digha to Kolkata,Monikanchan Bus Service,12:50,04h 10m,17:00,3.6,INR 375,12 Seats available,A/C Seater (2+3)
https://www.redbus.in/bus-tickets/digha-to-kolkata,Digha to Kolkata,The Joy Ride,21:15,05h 15m,02:30,3.9,INR 650,44 Seats available,A/C Seater / Sleeper (2+2)
https://www.redbus.in/bus-tickets/digha-to-kolkata,Digha to Kolkata,Snemita Paribahan,14:30,04h 40m,19:10,3.5,INR 580,37 Seats available,A/C Seater / Sleeper (2+2)
https://www.redbus.in/bus-tickets/digha-to-kolkata,Digha to Kolkata,Snemita Pariseba(Samanta),14:45,04h 35m,19:20,3.2,INR 420,36 Seats available,A/C Seater Push Back (2+3)
https://www.redbus.in/bus-tickets/digha-to-kolkata,Digha to Kolkata,Snemita Paribahan (Angel),13:50,04h 40m,18:30,3.6,INR 480,27 Seats available,AC Seater (2+3)
https://www.redbus.in/bus-tickets/digha-to-kolkata,Digha to Kolkata,Snemita Paribahan(Shinjini),22:45,05h 25m,04:10,2.9,INR 420,25 Seats available,A/C Seater (2+3)
https://www.redbus.in/bus-tickets/digha-to-kolkata,Digha to Kolkata,Samanta Travels,14:30,04h 50m,19:20,3.6,INR 300,18 Seats available,A/C Seater (2+3)
https://www.redbus.in/bus-tickets/digha-to-kolkata,Digha to Kolkata,City Express (Shinjini),22:45,05h 25m,04:10,2.7,INR 420,16 Seats available,AC Seater (2+3)
https://www.redbus.in/bus-tickets/digha-to-kolkata,Digha to Kolkata,City Express,11:35,04h 50m,16:25,3.1,INR 420,3 Seats available,AC Seater (2+3)
https://www.redbus.in/bus-tickets/digha-to-kolkata,Digha to Kolkata,Snemita Parisheba (Santosh),10:55,04h 45m,15:40,3.3,INR 370,24 Seats available,AC Seater (2+3)
https://www.redbus.in/bus-tickets/digha-to-kolkata,Digha to Kolkata,Snemita Paribahan(Snemita),11:45,04h 40m,16:25,2.4,INR 420,41 Seats available,AC Seater (2+3)
https://www.redbus.in/bus-tickets/digha-to-kolkata,Digha to Kolkata,Snemita Parisheba (Manikanchan),12:20,04h 25m,16:45,3.4,INR 370,2 Seats available,AC Seater (2+3)
https://www.redbus.in/bus-tickets/digha-to-kolkata,Digha to Kolkata,City Express (Angel),13:50,04h 40m,18:30,2.5,INR 430,18 Seats available,AC Seater (2+3)
https://www.redbus.in/bus-tickets/digha-to-kolkata,Digha to Kolkata,Snemita Paribahan(Jackson),13:40,04h 50m,18:30,3.1,INR 470,24 Seats available,AC Seater (2+2)
https://www.redbus.in/bus-tickets/digha-to-kolkata,Digha to Kolkata,Sree Jagannath Travels,15:00,05h 00m,20:00,2.7,INR 359,26 Seats available,A/C Seater Push Back (2+3)
https://www.redbus.in/bus-tickets/digha-to-kolkata,Digha to Kolkata,Monikanchan Bus Service,12:20,04h 20m,16:40,2.7,INR 375,16 Seats available,A/C Seater (2+3)
https://www.redbus.in/bus-tickets/digha-to-kolkata,Digha to Kolkata,Snemita Paribahan,11:21,04h 39m,16:00,1.9,INR 420,38 Seats available,AC Seater (2+3)
https://www.redbus.in/bus-tickets/digha-to-kolkata,Digha to Kolkata,Snemita Paribahan,11:35,04h 50m,16:25,2.0,INR 420,1 Seat available,AC Seater (2+3)
https://www.redbus.in/bus-tickets/digha-to-kolkata,Digha to Kolkata,Snemita Paribahan (Shinjini),23:35,04h 40m,04:15,2.3,INR 420,21 Seats available,AC Seater (2+3)
https://www.redbus.in/bus-tickets/digha-to-kolkata,Digha to Kolkata,Arya Paribahan,14:55,03h 55m,18:50,New,INR 350,30 Seats available,AC Seater (2+3)
https://www.redbus.in/bus-tickets/digha-to-kolkata,Digha to Kolkata,Maa Chandi Travels,14:30,04h 40m,19:10,New,INR 500,10 Seats available,A/C Seater / Sleeper (2+2)
https://www.redbus.in/bus-tickets/digha-to-kolkata,Digha to Kolkata,Ankita Paribahan (Lokenath),16:20,04h 40m,21:00,2.8,378,41 Seats available,AC Seater (2+3)
https://www.redbus.in/bus-tickets/digha-to-kolkata,Digha to Kolkata,Ankita Paribahan(Atithi),10:45,05h 00m,15:45,2.5,315,33 Seats available,A/C Seater (2+3)
https://www.redbus.in/bus-tickets/digha-to-kolkata,Digha to Kolkata,Sree Jagannath Travels,14:00,04h 30m,18:30,2.3,INR 359,29 Seats available,A/C Seater Push Back (2+3)
https://www.redbus.in/bus-tickets/digha-to-kolkata,Digha to Kolkata,Samanta Travels,12:40,04h 50m,17:30,2.3,INR 300,61 Seats available,A/C Seater (2+3)
https://www.redbus.in/bus-tickets/digha-to-kolkata,Digha to Kolkata,Snemita Paribahan,10:30,04h 30m,15:00,2.6,INR 230,35 Seats available,Non AC Seater (2+3)
https://www.redbus.in/bus-tickets/digha-to-kolkata,Digha to Kolkata,Haimanti Bus Service,09:50,05h 25m,15:15,2.1,INR 320,20 Seats available,AC Seater (2+3)
https://www.redbus.in/bus-tickets/digha-to-kolkata,Digha to Kolkata,Ankita Paribahan(Atithi),12:15,04h 30m,16:45,1.9,315,41 Seats available,A/C Seater Push Back (2+3)
https://www.redbus.in/bus-tickets/digha-to-kolkata,Digha to Kolkata,Rudraksha City Service,13:00,04h 20m,17:20,2.6,INR 400,60 Seats available,A/C Seater (2+3)
https://www.redbus.in/bus-tickets/digha-to-kolkata,Digha to Kolkata,Shyamoli Paribahan Pvt Ltd,13:40,04h 30m,18:10,3.8,INR 349,25 Seats available,Volvo A/C Seater (2+2)
https://www.redbus.in/bus-tickets/digha-to-kolkata,Digha to Kolkata,Sagufta Travels(Atithi),13:35,04h 55m,18:30,3.4,INR 415,18 Seats available,A/C Seater Push Back (2+3)
https://www.redbus.in/bus-tickets/digha-to-kolkata,Digha to Kolkata,Sagufta Travels(Atithi),12:15,05h 05m,17:20,3.4,INR 415,20 Seats available,A/C Seater Push Back (2+3)
https://www.redbus.in/bus-tickets/digha-to-kolkata,Digha to Kolkata,Snemita Parisheba(Santosh),11:25,04h 15m,15:40,3.6,INR 420,7 Seats available,AC Seater (2+3)
https://www.redbus.in/bus-tickets/digha-to-kolkata,Digha to Kolkata,Snemita Parisheba(Santosh),11:30,04h 40m,16:10,3.8,INR 370,34 Seats available,AC Seater (2+3)
https://www.redbus.in/bus-tickets/digha-to-kolkata,Digha to Kolkata,Satya Paribahan,23:30,04h 10m,03:40,3.9,333,46 Seats available,A/C Seater (2+3)
https://www.redbus.in/bus-tickets/digha-to-kolkata,Digha to Kolkata,Snemita Paribahan(SHINJINI),16:00,04h 30m,20:30,3.3,INR 420,28 Seats available,A/C Seater (2+3)
https://www.redbus.in/bus-tickets/digha-to-kolkata,Digha to Kolkata,Ankita Paribahan (Maity Motor),13:05,04h 25m,17:30,3.6,315,40 Seats available,A/C Seater Push Back (2+3)
https://www.redbus.in/bus-tickets/digha-to-kolkata,Digha to Kolkata,Monikanchan Bus Service,11:40,04h 35m,16:15,3.4,INR 215,40 Seats available,Non AC Seater (2+3)
https://www.redbus.in/bus-tickets/digha-to-kolkata,Digha to Kolkata,Satya Paribahan,23:00,04h 45m,03:45,2.9,378,35 Seats available,A/C Seater (2+3)
https://www.redbus.in/bus-tickets/digha-to-kolkata,Digha to Kolkata,Monikanchan Bus Service,11:40,04h 15m,15:55,3.1,INR 375,1 Seat available,A/C Seater (2+3)
https://www.redbus.in/bus-tickets/digha-to-kolkata,Digha to Kolkata,Basu Travels,10:10,05h 05m,15:15,3.1,INR 399,25 Seats available,A/C Seater Push Back (2+3)
https://www.redbus.in/bus-tickets/digha-to-kolkata,Digha to Kolkata,Vishwakarma Travels,13:45,04h 50m,18:35,3.4,INR 310,40 Seats available,AC Seater (2+3)
https://www.redbus.in/bus-tickets/digha-to-kolkata,Digha to Kolkata,City Express (Shinjini),16:00,04h 30m,20:30,3.6,INR 420,26 Seats available,AC Seater (2+3)
https://www.redbus.in/bus-tickets/digha-to-kolkata,Digha to Kolkata,Snemita Paribahan (SHINJINI),11:15,04h 30m,15:45,3.0,INR 420,9 Seats available,A/C Seater (2+3)
https://www.redbus.in/bus-tickets/digha-to-kolkata,Digha to Kolkata,Snemita Parisheba(SNEHA GOLD),16:35,04h 45m,21:20,2.6,INR 370,46 Seats available,AC Seater (2+3)
https://www.redbus.in/bus-tickets/digha-to-kolkata,Digha to Kolkata,Chetak Parivahan,13:25,04h 05m,17:30,3.2,INR 380,35 Seats available,A/C Seater (2+3)
https://www.redbus.in/bus-tickets/digha-to-kolkata,Digha to Kolkata,Snemita Parisheba(SANTOSH),10:25,04h 45m,15:10,2.9,INR 420,15 Seats available,A/C Seater / Sleeper (2+2)
https://www.redbus.in/bus-tickets/digha-to-kolkata,Digha to Kolkata,Snemita Paribahan,23:30,04h 30m,04:00,3.3,INR 420,45 Seats available,A/C Seater (2+3)
https://www.redbus.in/bus-tickets/digha-to-kolkata,Digha to Kolkata,Aradhana Bus Service,09:25,05h 45m,15:10,3.5,INR 600,51 Seats available,A/C Seater / Sleeper (2+2)
https://www.redbus.in/bus-tickets/digha-to-kolkata,Digha to Kolkata,Snemita Parisheba (Santosh),10:30,04h 40m,15:10,2.6,INR 370,36 Seats available,AC Seater (2+3)
https://www.redbus.in/bus-tickets/digha-to-kolkata,Digha to Kolkata,Snemita Paribahan(Shinjini),15:20,04h 40m,20:00,2.1,INR 420,36 Seats available,A/C Seater (2+3)
https://www.redbus.in/bus-tickets/digha-to-kolkata,Digha to Kolkata,Parameswar Travels,17:50,05h 10m,23:00,1.6,340,56 Seats available,A/C Seater Push Back (2+3)
https://www.redbus.in/bus-tickets/digha-to-kolkata,Digha to Kolkata,Snemita Parisheba,17:00,04h 30m,21:30,2.1,INR 370,36 Seats available,AC Seater (2+3)
https://www.redbus.in/bus-tickets/digha-to-kolkata,Digha to Kolkata,Snemita Parisheba(Santosh),23:30,05h 00m,04:30,1.8,INR 370,36 Seats available,A/C Seater Push Back (2+3)
https://www.redbus.in/bus-tickets/digha-to-kolkata,Digha to Kolkata,Snemita Parisheba(Santosh),13:30,04h 35m,18:05,2.4,INR 420,31 Seats available,AC Seater (2+3)
https://www.redbus.in/bus-tickets/digha-to-kolkata,Digha to Kolkata,Snemita Paribahan (Chowdhury),12:50,04h 40m,17:30,2.0,INR 470,24 Seats available,AC Seater (2+2)
https://www.redbus.in/bus-tickets/digha-to-kolkata,Digha to Kolkata,City Express (Snemita),11:45,04h 40m,16:25,2.1,INR 420,20 Seats available,AC Seater (2+3)
https://www.redbus.in/bus-tickets/digha-to-kolkata,Digha to Kolkata,City Express (Shinjini),15:20,04h 35m,19:55,1.7,INR 420,25 Seats available,AC Seater (2+3)
https://www.redbus.in/bus-tickets/digha-to-kolkata,Digha to Kolkata,Aradhana Travel,18:35,04h 25m,23:00,1.3,INR 500,20 Seats available,A/C Seater / Sleeper (2+2)
https://www.redbus.in/bus-tickets/digha-to-kolkata,Digha to Kolkata,Snemita Parisheba,12:30,04h 45m,17:15,1.6,INR 370,25 Seats available,A/C Seater Push Back (2+3)
https://www.redbus.in/bus-tickets/digha-to-kolkata,Digha to Kolkata,Snemita Paribahan(Maa Chandi),12:10,04h 35m,16:45,1.7,INR 420,17 Seats available,A/C Push Back (2+3)
https://www.redbus.in/bus-tickets/digha-to-kolkata,Digha to Kolkata,Ankita Paribahan,15:25,04h 35m,20:00,1.3,378,60 Seats available,A/C Seater Push Back (2+3)
https://www.redbus.in/bus-tickets/digha-to-kolkata,Digha to Kolkata,Basu Travels,17:30,05h 00m,22:30,1.4,INR 419,30 Seats available,A/C Seater Push Back (2+3)
https://www.redbus.in/bus-tickets/digha-to-kolkata,Digha to Kolkata,Ankita Paribahan,18:20,04h 40m,23:00,1.5,378,46 Seats available,A/C Seater Push Back (2+3)
https://www.redbus.in/bus-tickets/digha-to-kolkata,Digha to Kolkata,Ankita Paribahan - Parameswar,10:20,04h 30m,14:50,2.4,360,29 Seats available,A/C Seater (2+3)
https://www.redbus.in/bus-tickets/digha-to-kolkata,Digha to Kolkata,Snemita Paribahan,12:30,04h 45m,17:15,2.8,INR 420,30 Seats available,A/C Seater (2+3)
https://www.redbus.in/bus-tickets/digha-to-kolkata,Digha to Kolkata,Satya Paribahan,18:20,04h 40m,23:00,2.1,333,61 Seats available,A/C Seater (2+3)
https://www.redbus.in/bus-tickets/digha-to-kolkata,Digha to Kolkata,Bengal Surface Transport,17:30,05h 00m,22:30,2.1,INR 419,36 Seats available,A/C Seater Push Back (2+3)
https://www.redbus.in/bus-tickets/digha-to-kolkata,Digha to Kolkata,Ankita Paribahan (Maity Motor),15:45,04h 30m,20:15,1.4,288,41 Seats available,AC Seater (2+3)
https://www.redbus.in/bus-tickets/digha-to-kolkata,Digha to Kolkata,Arunita Paribahan,23:35,04h 55m,04:30,1.6,INR 420,21 Seats available,A/C Seater (2+3)
https://www.redbus.in/bus-tickets/digha-to-kolkata,Digha to Kolkata,City Express (Jackson),13:40,04h 35m,18:15,2.7,INR 470,20 Seats available,AC Seater (2+2)
https://www.redbus.in/bus-tickets/digha-to-kolkata,Digha to Kolkata,Snemita Parisheba,11:55,04h 45m,16:40,2.7,INR 420,33 Seats available,A/C Seater / Sleeper (2+2)
https://www.redbus.in/bus-tickets/digha-to-kolkata,Digha to Kolkata,Ankita Paribahan (Tejas),14:20,04h 30m,18:50,2.6,360,41 Seats available,A/C Executive (2+3)
https://www.redbus.in/bus-tickets/digha-to-kolkata,Digha to Kolkata,Ankita Paribahan(Janhabi),08:50,04h 35m,13:25,2.6,360,21 Seats available,A/C Seater Push Back (2+3)
https://www.redbus.in/bus-tickets/digha-to-kolkata,Digha to Kolkata,Ankita Paribahan( Haimanti),10:10,04h 30m,14:40,2.6,315,33 Seats available,A/C Seater Push Back (2+3)
https://www.redbus.in/bus-tickets/digha-to-kolkata,Digha to Kolkata,Ankita Paribahan (Anamika),13:15,04h 15m,17:30,2.6,342,51 Seats available,A/C Seater Push Back (2+3)
https://www.redbus.in/bus-tickets/digha-to-kolkata,Digha to Kolkata,Arunita Paribahan,12:30,04h 30m,17:00,2.2,INR 420,31 Seats available,A/C Seater (2+3)
https://www.redbus.in/bus-tickets/digha-to-kolkata,Digha to Kolkata,Arunita Paribahan,11:05,04h 40m,15:45,2.2,INR 470,21 Seats available,AC Seater (2+2)
https://www.redbus.in/bus-tickets/digha-to-kolkata,Digha to Kolkata,Basu Travels,10:40,05h 00m,15:40,3.1,INR 399,30 Seats available,A/C Seater Push Back (2+3)
https://www.redbus.in/bus-tickets/digha-to-kolkata,Digha to Kolkata,Bengal Surface Transport,10:50,04h 50m,15:40,3.0,INR 399,31 Seats available,A/C Seater Push Back (2+3)
https://www.redbus.in/bus-tickets/digha-to-kolkata,Digha to Kolkata,Samanta Travels,16:00,05h 00m,21:00,3.0,INR 199,61 Seats available,NON A/C Seater (2+3)
https://www.redbus.in/bus-tickets/digha-to-kolkata,Digha to Kolkata,Bengal Surface Transport,10:25,05h 05m,15:30,3.0,INR 399,31 Seats available,A/C Seater Push Back (2+3)
https://www.redbus.in/bus-tickets/digha-to-kolkata,Digha to Kolkata,Snemita Paribahan (Sagar Kanya),10:40,04h 30m,15:10,2.8,INR 420,41 Seats available,AC Seater (2+3)
https://www.redbus.in/bus-tickets/digha-to-kolkata,Digha to Kolkata,Snemita Paribahan,10:05,04h 40m,14:45,2.8,INR 420,28 Seats available,AC Seater (2+3)
https://www.redbus.in/bus-tickets/digha-to-kolkata,Digha to Kolkata,City Express (Shinjini),11:15,04h 35m,15:50,2.7,INR 420,14 Seats available,AC Seater (2+3)
https://www.redbus.in/bus-tickets/digha-to-kolkata,Digha to Kolkata,City Express (City),10:40,04h 25m,15:05,2.7,INR 470,20 Seats available,AC Seater (2+3)
https://www.redbus.in/bus-tickets/digha-to-kolkata,Digha to Kolkata,Snemita Parisheba,11:20,04h 45m,16:05,2.7,INR 800,30 Seats available,A/C Seater / Sleeper (2+2)
https://www.redbus.in/bus-tickets/digha-to-kolkata,Digha to Kolkata,Snemita Parisheba,11:45,04h 30m,16:15,2.7,INR 370,20 Seats available,A/C Seater Push Back (2+3)
https://www.redbus.in/bus-tickets/digha-to-kolkata,Digha to Kolkata,City Express (Maa Chandi),12:10,04h 35m,16:45,2.7,INR 420,26 Seats available,A/C Executive (2+3)
https://www.redbus.in/bus-tickets/digha-to-kolkata,Digha to Kolkata,City Express (Shinjini),15:10,04h 40m,19:50,2.7,INR 420,25 Seats available,AC Seater (2+3)
https://www.redbus.in/bus-tickets/digha-to-kolkata,Digha to Kolkata,Snemita Parisheba,18:00,04h 30m,22:30,2.7,INR 370,39 Seats available,AC Seater (2+3)
https://www.redbus.in/bus-tickets/digha-to-kolkata,Digha to Kolkata,Ankita Paribahan (Parameswar),11:40,04h 50m,16:30,2.6,315,36 Seats available,A/C Seater (2+3)
https://www.redbus.in/bus-tickets/digha-to-kolkata,Digha to Kolkata,Ankita Paribahan,13:45,04h 35m,18:20,2.6,378,41 Seats available,A/C Seater Push Back (2+3)
https://www.redbus.in/bus-tickets/digha-to-kolkata,Digha to Kolkata,Ankita Paribahan (Anuska),14:25,04h 30m,18:55,2.6,378,28 Seats available,A/C Push Back (2+3)
https://www.redbus.in/bus-tickets/digha-to-kolkata,Digha to Kolkata,Ankita Paribahan(Parameswar),11:00,04h 30m,15:30,2.6,360,17 Seats available,A/C Seater (2+3)
https://www.redbus.in/bus-tickets/digha-to-kolkata,Digha to Kolkata,Ankita Paribahan,14:45,04h 10m,18:55,2.6,405,41 Seats available,A/C Seater Push Back (2+3)
https://www.redbus.in/bus-tickets/digha-to-kolkata,Digha to Kolkata,Ankita Paribahan(Jackson),15:00,05h 05m,20:05,2.6,333,40 Seats available,A/C Push Back (2+3)
https://www.redbus.in/bus-tickets/digha-to-kolkata,Digha to Kolkata,Ankita Paribahan (Maity),09:40,04h 40m,14:20,2.6,315,37 Seats available,A/C Seater Push Back (2+3)
https://www.redbus.in/bus-tickets/digha-to-kolkata,Digha to Kolkata,Purusottam Travels,08:50,04h 50m,13:40,2.4,INR 350,20 Seats available,NON A/C Seater (2+3)
https://www.redbus.in/bus-tickets/digha-to-kolkata,Digha to Kolkata,Subhadip Travels(Jagannath),14:55,04h 45m,19:40,2.2,378,31 Seats available,A/C Executive (2+3)
https://www.redbus.in/bus-tickets/digha-to-kolkata,Digha to Kolkata,Subhadip Travels(Kojagor),10:45,04h 45m,15:30,2.2,468,29 Seats available,A/C Seater (2+3)
https://www.redbus.in/bus-tickets/digha-to-kolkata,Digha to Kolkata,Subhadip Travels(Kojagor),08:50,04h 50m,13:40,2.2,468,31 Seats available,Non AC Seater (2+3)
https://www.redbus.in/bus-tickets/digha-to-kolkata,Digha to Kolkata,Subhadip Travels(Jahnabi),09:40,05h 00m,14:40,2.2,468,32 Seats available,A/C Executive (2+3)
https://www.redbus.in/bus-tickets/digha-to-kolkata,Digha to Kolkata,Subhadip Travels(Jagannath),14:00,04h 55m,18:55,2.2,378,31 Seats available,A/C Executive (2+3)
https://www.redbus.in/bus-tickets/digha-to-kolkata,Digha to Kolkata,Subhadip Travels(Narayan),12:20,04h 40m,17:00,2.2,468,54 Seats available,A/C Executive (2+3)
https://www.redbus.in/bus-tickets/digha-to-kolkata,Digha to Kolkata,Aniruddha Travels,15:20,05h 20m,20:40,1.9,INR 229,30 Seats available,NON A/C Seater Push Back (2+3) (2+3)
https://www.redbus.in/bus-tickets/digha-to-kolkata,Digha to Kolkata,Aradhana Bus Service,16:50,05h 40m,22:30,1.5,INR 350,54 Seats available,Non AC Seater (2+3)
https://www.redbus.in/bus-tickets/digha-to-kolkata,Digha to Kolkata,Aradhana Bus Service,23:00,05h 00m,04:00,1.5,INR 650,56 Seats available,A/C Seater / Sleeper (2+2)
https://www.redbus.in/bus-tickets/digha-to-kolkata,Digha to Kolkata,Aradhana Travel,21:45,05h 40m,03:25,1.3,INR 500,13 Seats available,Non AC Seater (2+3)
https://www.redbus.in/bus-tickets/digha-to-kolkata,Digha to Kolkata,Aradhana Travel,19:35,04h 24m,23:59,1.3,INR 949,49 Seats available,Volvo Multi-Axle I-Shift B11R Semi Sleeper (2+2)
https://www.redbus.in/bus-tickets/kolkata-to-bankura,Kolkata to Bankura,City Queen Bus Service,20:50,05h 10m,02:00,3.3,INR 250,10 Seats available,Non AC Seater (2+2)
https://www.redbus.in/bus-tickets/kolkata-to-bankura,Kolkata to Bankura,City Queen Bus Service,21:30,06h 00m,03:30,3.0,INR 285,18 Seats available,Non AC Seater (2+2)
https://www.redbus.in/bus-tickets/jhargram-to-kolkata,Jhargram to Kolkata,SBSTC-JHARGRAM-GARIA VIA- MIDNAPUR 10:45(JHAR DEPOT) - GARIA 2N/H-U/10-45,10:45,05h 30m,16:15,4.2,INR 130,51 Seats available,Express(Non AC Seater)
https://www.redbus.in/bus-tickets/jhargram-to-kolkata,Jhargram to Kolkata,SBSTC-JHARGRAM-KARUNAMOYEE VIA MEDNIPUR 13:35 (JHAR DEPOT) - KMOY1 N/H-U/13-35,13:35,04h 43m,18:18,4.2,INR 135,48 Seats available,Express(Non AC Seater)
https://www.redbus.in/bus-tickets/jhargram-to-kolkata,Jhargram to Kolkata,SBSTC-JHARGRAM-GARIA VIA-LODHASHULI 14:10(JHAR DEPOT) - GARIA 1N/H-U/14-10,14:10,04h 29m,18:39,5.0,INR 127,32 Seats available,Express(Non AC Seater)
https://www.redbus.in/bus-tickets/jhargram-to-kolkata,Jhargram to Kolkata,SBSTC-JHARGRAM-KARUNAMOYEE VIA LODHASULI 15:40 (JHAR DEPOT) - JHR-KAR-U/15-40,15:40,04h 37m,20:17,4.9,INR 140,39 Seats available,Express(Non AC Seater)
https://www.redbus.in/bus-tickets/kolkata-to-asansol,Kolkata to Asansol (West Bengal),WBTC (CTC) KOLKATA - ASANSOL - PURULIA (AC VOLVO) Banglashree Express - 133|13:45,13:45,03h 55m,17:40,3.9,INR 430,23 Seats available,A/C Seater (2+2)
https://www.redbus.in/bus-tickets/kolkata-to-asansol,Kolkata to Asansol (West Bengal),SHYAMOLI Pvt. Ltd.(Karunamoyee),08:45,04h 45m,13:30,3.9,INR 524,17 Seats available,Volvo Multi-Axle A/C Semi Sleeper (2+2)
https://www.redbus.in/bus-tickets/kolkata-to-asansol,Kolkata to Asansol (West Bengal),Greenline,08:45,05h 00m,13:45,4.4,INR 524,20 Seats available,Volvo A/C Seater (2+2)
https://www.redbus.in/bus-tickets/kolkata-to-asansol,Kolkata to Asansol (West Bengal),Greenline (Karunamoyee),08:45,04h 00m,12:45,4.6,INR 524,6 Seats available,Volvo A/C B11R Multi Axle Semi Sleeper (2+2)
https://www.redbus.in/bus-tickets/kolkata-to-asansol,Kolkata to Asansol (West Bengal),Shyamoli Paribahan Pvt Ltd,09:00,04h 15m,13:15,4.1,INR 524,18 Seats available,Volvo Multi-Axle A/C Semi Sleeper (2+2)
https://www.redbus.in/bus-tickets/kolkata-to-asansol,Kolkata to Asansol (West Bengal),Shyamoli Paribahan Pvt Ltd,09:15,05h 00m,14:15,3.9,INR 524,26 Seats available,Volvo A/C Seater (2+2)
https://www.redbus.in/bus-tickets/kolkata-to-asansol,Kolkata to Asansol (West Bengal),Greenline (Karunamoyee),09:15,05h 00m,14:15,4.6,INR 524,12 Seats available,Volvo A/C Seater (2+2)
https://www.redbus.in/bus-tickets/kolkata-to-asansol,Kolkata to Asansol (West Bengal),Greenline,09:50,05h 00m,14:50,4.3,INR 524,26 Seats available,Volvo A/C Seater (2+2)
https://www.redbus.in/bus-tickets/kolkata-to-asansol,Kolkata to Asansol (West Bengal),SHYAMOLI Pvt. Ltd.(Karunamoyee),10:00,05h 00m,15:00,3.7,INR 524,26 Seats available,Volvo B11R Multi Axle Seater (2+2)
https://www.redbus.in/bus-tickets/kolkata-to-asansol,Kolkata to Asansol (West Bengal),Greenline (Karunamoyee),11:00,05h 00m,16:00,4.2,INR 524,27 Seats available,Volvo A/C Seater (2+2)
https://www.redbus.in/bus-tickets/kolkata-to-asansol,Kolkata to Asansol (West Bengal),Shyamoli Paribahan Pvt Ltd,11:00,05h 00m,16:00,4.0,INR 524,25 Seats available,Volvo A/C Seater (2+2)
https://www.redbus.in/bus-tickets/kolkata-to-asansol,Kolkata to Asansol (West Bengal),Greenline,11:30,05h 00m,16:30,3.9,INR 524,32 Seats available,Volvo A/C Seater (2+2)
https://www.redbus.in/bus-tickets/kolkata-to-asansol,Kolkata to Asansol (West Bengal),SHYAMOLI Pvt. Ltd.(Karunamoyee),12:00,05h 00m,17:00,3.9,INR 524,24 Seats available,Volvo A/C Seater (2+2)
https://www.redbus.in/bus-tickets/kolkata-to-asansol,Kolkata to Asansol (West Bengal),Shyamoli Paribahan Pvt Ltd,12:00,05h 00m,17:00,3.2,INR 524,31 Seats available,Volvo A/C Seater (2+2)
https://www.redbus.in/bus-tickets/kolkata-to-asansol,Kolkata to Asansol (West Bengal),Greenline,12:30,05h 00m,17:30,4.6,INR 524,37 Seats available,Volvo A/C Seater (2+2)
https://www.redbus.in/bus-tickets/kolkata-to-asansol,Kolkata to Asansol (West Bengal),Greenline (Karunamoyee),13:00,05h 00m,18:00,4.3,INR 524,27 Seats available,Volvo A/C Seater (2+2)
https://www.redbus.in/bus-tickets/kolkata-to-asansol,Kolkata to Asansol (West Bengal),Shyamoli Paribahan Pvt Ltd,13:00,05h 00m,18:00,3.3,INR 524,27 Seats available,Volvo A/C Seater (2+2)
https://www.redbus.in/bus-tickets/kolkata-to-asansol,Kolkata to Asansol (West Bengal),SHYAMOLI Pvt. Ltd.(Karunamoyee),14:00,05h 00m,19:00,3.9,INR 524,31 Seats available,Volvo A/C Seater (2+2)
https://www.redbus.in/bus-tickets/kolkata-to-asansol,Kolkata to Asansol (West Bengal),Shyamoli Paribahan Pvt Ltd,14:00,05h 00m,19:00,3.6,INR 524,30 Seats available,Volvo A/C Seater (2+2)
https://www.redbus.in/bus-tickets/kolkata-to-asansol,Kolkata to Asansol (West Bengal),Greenline,14:30,05h 00m,19:30,4.6,INR 524,37 Seats available,Volvo A/C Seater (2+2)
https://www.redbus.in/bus-tickets/kolkata-to-asansol,Kolkata to Asansol (West Bengal),Greenline (Karunamoyee),15:00,05h 00m,20:00,4.3,INR 524,29 Seats available,Volvo A/C Seater (2+2)
https://www.redbus.in/bus-tickets/kolkata-to-asansol,Kolkata to Asansol (West Bengal),Shyamoli Paribahan Pvt Ltd,15:00,04h 00m,19:00,4.3,INR 524,13 Seats available,Scania Multi-Axle AC Semi Sleeper (2+2)
https://www.redbus.in/bus-tickets/kolkata-to-asansol,Kolkata to Asansol (West Bengal),Express Line (Karunamoyee),15:45,05h 00m,20:45,4.6,INR 524,25 Seats available,Volvo 9600 Multi Axle Semi-Sleeper (2+2)
https://www.redbus.in/bus-tickets/kolkata-to-asansol,Kolkata to Asansol (West Bengal),SHYAMOLI Pvt. Ltd.(Karunamoyee),16:00,05h 00m,21:00,4.2,INR 524,24 Seats available,Volvo A/C Seater (2+2)
https://www.redbus.in/bus-tickets/kolkata-to-asansol,Kolkata to Asansol (West Bengal),Greenline,16:00,04h 00m,20:00,4.5,INR 524,17 Seats available,Volvo 9600 Multi Axle Semi-Sleeper (2+2)
https://www.redbus.in/bus-tickets/kolkata-to-asansol,Kolkata to Asansol (West Bengal),Shyamoli Paribahan Pvt Ltd,16:40,05h 00m,21:40,3.9,INR 524,22 Seats available,Volvo A/C Seater (2+2)
https://www.redbus.in/bus-tickets/kolkata-to-asansol,Kolkata to Asansol (West Bengal),Greenline (Karunamoyee),16:45,05h 00m,21:45,4.2,INR 524,31 Seats available,Volvo A/C Seater (2+2)
https://www.redbus.in/bus-tickets/kolkata-to-asansol,Kolkata to Asansol (West Bengal),SHYAMOLI Pvt. Ltd.(Karunamoyee),17:30,05h 00m,22:30,4.4,INR 524,34 Seats available,Volvo A/C Seater (2+2)
https://www.redbus.in/bus-tickets/kolkata-to-asansol,Kolkata to Asansol (West Bengal),Lokenath Bus Service,18:00,04h 30m,22:30,4.2,524,42 Seats available,Volvo Multi Axle B11R AC Seater\Sleeper (2+1)
https://www.redbus.in/bus-tickets/kolkata-to-asansol,Kolkata to Asansol (West Bengal),Greenline (Karunamoyee),18:00,05h 00m,23:00,4.6,INR 524,35 Seats available,Volvo A/C Seater (2+2)
https://www.redbus.in/bus-tickets/kolkata-to-asansol,Kolkata to Asansol (West Bengal),Greenline,18:05,05h 00m,23:05,4.5,INR 524,37 Seats available,Volvo A/C Seater (2+2)
https://www.redbus.in/bus-tickets/kolkata-to-asansol,Kolkata to Asansol (West Bengal),Shyamoli Paribahan Pvt Ltd,18:40,04h 45m,23:25,4.3,INR 524,30 Seats available,Volvo A/C Seater (2+2)
https://www.redbus.in/bus-tickets/kolkata-to-asansol,Kolkata to Asansol (West Bengal),Royal Cruiser,19:30,04h 45m,00:15,3.7,INR 550,3 Seats available,Volvo A/C Seater (2+2)
https://www.redbus.in/bus-tickets/kolkata-to-asansol,Kolkata to Asansol (West Bengal),Aitiana Airwings,20:30,05h 00m,01:30,4.0,INR 700,28 Seats available,A/C Seater/Sleeper (2+1)
https://www.redbus.in/bus-tickets/kolkata-to-asansol,Kolkata to Asansol (West Bengal),Maharani Travels,16:30,05h 30m,22:00,2.5,720,12 Seats available,NON AC Seater / Sleeper 2+1
https://www.redbus.in/bus-tickets/kolkata-to-asansol,Kolkata to Asansol (West Bengal),Maharani Express,17:00,04h 45m,21:45,2.1,675,10 Seats available,NON A/C Seater / Sleeper (2+2)
https://www.redbus.in/bus-tickets/kolkata-to-asansol,Kolkata to Asansol (West Bengal),Maharani Travels,17:05,04h 55m,22:00,2.5,540,14 Seats available,NON AC Seater / Sleeper 2+1
https://www.redbus.in/bus-tickets/kolkata-to-asansol,Kolkata to Asansol (West Bengal),Pariwartan Bus Service,18:30,06h 00m,00:30,,INR 500,54 Seats available,NON A/C Seater / Sleeper (2+2)
https://www.redbus.in/bus-tickets/kolkata-to-asansol,Kolkata to Asansol (West Bengal),Beauty Travels,20:20,04h 10m,00:30,2.9,INR 500,34 Seats available,NON A/C Seater / Sleeper (2+2)
https://www.redbus.in/bus-tickets/kolkata-to-asansol,Kolkata to Asansol (West Bengal),Maharani Travels,21:05,04h 55m,02:00,2.5,675,16 Seats available,A/C Seater / Sleeper (2+1)
https://www.redbus.in/bus-tickets/kolkata-to-asansol,Kolkata to Asansol (West Bengal),Greenline,20:00,05h 00m,01:00,4.4,INR 1200,2 Seats available,Volvo 9600 A/C Seater/Sleeper (2+1)
https://www.redbus.in/bus-tickets/kolkata-to-asansol,Kolkata to Asansol (West Bengal),Maharani Express,15:30,05h 15m,20:45,2.1,900,4 Seats available,A/C Seater / Sleeper (2+2)
https://www.redbus.in/bus-tickets/kolkata-to-asansol,Kolkata to Asansol (West Bengal),Maharani Express,19:30,05h 15m,00:45,2.1,1080,32 Seats available,Tata A/C Seater Executive Luxury (2+2)
https://www.redbus.in/bus-tickets/kolkata-to-siliguri,Kolkata to Siliguri,SBSTC-KOLKATA - SILIGURI - VOLVO - 20:05 SPL FARE - SLGVOLSPL1-U/20-05,20:05,12h 00m,08:05,4.1,INR 910,11 Seats available,Volvo A/C (2+2)
https://www.redbus.in/bus-tickets/kolkata-to-siliguri,Kolkata to Siliguri,Easy Ride,20:30,12h 55m,09:25,4.7,INR 1800,20 Seats available,Volvo 9600 Multi-Axle A/C Sleeper (2+1)
https://www.redbus.in/bus-tickets/kolkata-to-siliguri,Kolkata to Siliguri,Raipur Cruiser,17:45,13h 45m,07:30,4.7,1350,18 Seats available,Volvo 9600 Multi-Axle A/C Sleeper (2+1)
https://www.redbus.in/bus-tickets/kolkata-to-siliguri,Kolkata to Siliguri,AdShyamoli Paribahan Pvt Ltd,20:00,13h 00m,09:00,3.9,INR 1960,25 Seats available,Volvo 9600 Multi-Axle A/C Sleeper (2+1)
https://www.redbus.in/bus-tickets/kolkata-to-siliguri,Kolkata to Siliguri,Easy Ride,18:30,12h 55m,07:25,4.7,INR 1800,20 Seats available,Volvo 9600 Multi-Axle A/C Sleeper (2+1)
https://www.redbus.in/bus-tickets/kolkata-to-siliguri,Kolkata to Siliguri,Easy Ride,19:50,12h 55m,08:45,4.6,INR 1800,27 Seats available,Volvo 9600 Multi-Axle A/C Sleeper (2+1)
https://www.redbus.in/bus-tickets/kolkata-to-siliguri,Kolkata to Siliguri,Shyamoli Paribahan Pvt Ltd,18:00,12h 50m,06:50,4.6,INR 1950,19 Seats available,Volvo 9600 Multi-Axle A/C Sleeper (2+1)
https://www.redbus.in/bus-tickets/kolkata-to-siliguri,Kolkata to Siliguri,AdPoulami Paribahan,17:45,12h 45m,06:30,4.1,INR 1299,39 Seats available,Volvo Multi-Axle A/C seater/sleeper (2+1)
https://www.redbus.in/bus-tickets/kolkata-to-siliguri,Kolkata to Siliguri,Shyamoli Paribahan Pvt Ltd,19:15,13h 00m,08:15,4.6,INR 1920,18 Seats available,Volvo 9600 Multi-Axle A/C Sleeper (2+1)
https://www.redbus.in/bus-tickets/kolkata-to-siliguri,Kolkata to Siliguri,Greenline,19:00,13h 15m,08:15,4.5,INR 1500,16 Seats available,Volvo 9600 Multi-Axle A/C Sleeper (2+1)
https://www.redbus.in/bus-tickets/kolkata-to-siliguri,Kolkata to Siliguri,Rubi Paribahan  ,18:45,13h 15m,08:00,4.5,INR 1200,29 Seats available,Volvo 9600 A/C Seater/Sleeper (2+1)
https://www.redbus.in/bus-tickets/kolkata-to-siliguri,Kolkata to Siliguri,Greenline,18:30,13h 00m,07:30,4.5,INR 1500,17 Seats available,Volvo 9600 Multi-Axle A/C Sleeper (2+1)
https://www.redbus.in/bus-tickets/kolkata-to-siliguri,Kolkata to Siliguri,Raipur Cruiser,20:30,12h 50m,09:20,4.6,INR 1200,44 Seats available,Volvo 9600 Multi Axle Semi-Sleeper (2+2)
https://www.redbus.in/bus-tickets/kolkata-to-siliguri,Kolkata to Siliguri,Shyamoli Paribahan Pvt Ltd,18:30,13h 15m,07:45,4.3,INR 1500,29 Seats available,Volvo Multi-Axle A/C seater/sleeper (2+1)
https://www.redbus.in/bus-tickets/kolkata-to-siliguri,Kolkata to Siliguri,Express Line,18:30,13h 10m,07:40,4.3,INR 1499,14 Seats available,Volvo 9600 Multi-Axle A/C Sleeper (2+1)
https://www.redbus.in/bus-tickets/kolkata-to-siliguri,Kolkata to Siliguri,Rubi Paribahan  ,19:30,12h 00m,07:30,4.7,INR 1200,35 Seats available,Volvo Multi Axle B11R AC Seater\Sleeper (2+1)
https://www.redbus.in/bus-tickets/kolkata-to-siliguri,Kolkata to Siliguri,Easy Ride,19:15,12h 55m,08:10,4.4,INR 1800,24 Seats available,Volvo 9600 Multi-Axle A/C Sleeper (2+1)
https://www.redbus.in/bus-tickets/kolkata-to-siliguri,Kolkata to Siliguri,Raipur Cruiser,19:45,12h 45m,08:30,4.5,INR 1200,49 Seats available,Volvo 9600 Multi Axle Semi-Sleeper (2+2)
https://www.redbus.in/bus-tickets/kolkata-to-siliguri,Kolkata to Siliguri,Shyamoli Paribahan Pvt Ltd,21:00,13h 00m,10:00,4.2,INR 1440,50 Seats available,Volvo Multi-Axle A/C seater/sleeper (2+1)
https://www.redbus.in/bus-tickets/kolkata-to-siliguri,Kolkata to Siliguri,Express Line,20:00,12h 55m,08:55,4.1,INR 1199,40 Seats available,Volvo 9600 A/C Seater/Sleeper (2+1)
https://www.redbus.in/bus-tickets/kolkata-to-siliguri,Kolkata to Siliguri,Rubi Paribahan  ,19:00,12h 30m,07:30,4.2,INR 1500,9 Seats available,Volvo 9600 Multi-Axle A/C Sleeper (2+1)
https://www.redbus.in/bus-tickets/kolkata-to-siliguri,Kolkata to Siliguri,Lokenath Bus Service,18:15,12h 15m,06:30,4.1,INR 1199,34 Seats available,Volvo Multi-Axle A/C Seater/Sleeper (2+1)
https://www.redbus.in/bus-tickets/kolkata-to-siliguri,Kolkata to Siliguri,Modern Travels,19:30,12h 45m,08:15,4.1,INR 1800,15 Seats available,Bharat Benz A/C Sleeper (2+1)
https://www.redbus.in/bus-tickets/kolkata-to-siliguri,Kolkata to Siliguri,Express Line,20:30,13h 10m,09:40,4.1,INR 1499,24 Seats available,Volvo 9600 Multi-Axle A/C Sleeper (2+1)
https://www.redbus.in/bus-tickets/kolkata-to-siliguri,Kolkata to Siliguri,Aitiana Airwings,18:30,13h 00m,07:30,4.1,INR 1499,13 Seats available,Volvo Multi-Axle Sleeper A/C (2+1)
https://www.redbus.in/bus-tickets/kolkata-to-siliguri,Kolkata to Siliguri,Lokenath Bus Service,21:15,12h 00m,09:15,4.2,INR 1199,36 Seats available,Volvo A/C Seater (2+2)
https://www.redbus.in/bus-tickets/kolkata-to-siliguri,Kolkata to Siliguri,Lokenath Bus Service,20:20,12h 30m,08:50,3.9,INR 1199,39 Seats available,Volvo A/C B11R Multi Axle Semi Sleeper (2+2)
https://www.redbus.in/bus-tickets/kolkata-to-siliguri,Kolkata to Siliguri,Aitiana Airwings,18:00,13h 30m,07:30,4.0,INR 1200,10 Seats available,Benz A/C Sleeper (2+1)
https://www.redbus.in/bus-tickets/kolkata-to-siliguri,Kolkata to Siliguri,Aitiana Airwings,19:00,12h 45m,07:45,4.3,INR 1499,14 Seats available,Volvo Multi-Axle A/C Sleeper (2+1)
https://www.redbus.in/bus-tickets/kolkata-to-siliguri,Kolkata to Siliguri,Prarthana Bus Service,17:40,14h 20m,08:00,3.4,INR 1200,44 Seats available,A/C Seater / Sleeper (2+1)
https://www.redbus.in/bus-tickets/kolkata-to-siliguri,Kolkata to Siliguri,Royal Cruiser,18:00,13h 00m,07:00,3.3,899,44 Seats available,Scania Multi-Axle AC Semi Sleeper (2+2)
https://www.redbus.in/bus-tickets/kolkata-to-siliguri,Kolkata to Siliguri,Modern Travels,18:35,12h 40m,07:15,4.1,INR 1550,17 Seats available,Bharat Benz A/C Sleeper (2+1)
https://www.redbus.in/bus-tickets/kolkata-to-siliguri,Kolkata to Siliguri,Maulik Paribahan,18:30,13h 15m,07:45,2.3,900,58 Seats available,A/C Seater / Sleeper (2+2)
https://www.redbus.in/bus-tickets/kolkata-to-siliguri,Kolkata to Siliguri,Aradhana Bus Service,16:45,14h 15m,07:00,2.0,INR 750,36 Seats available,NON A/C Seater / Sleeper (2+2)
https://www.redbus.in/bus-tickets/kolkata-to-siliguri,Kolkata to Siliguri,Maa Durga Bus Service (SNT),17:00,13h 00m,06:00,3.3,INR 800,35 Seats available,A/C Seater / Sleeper (2+1)
https://www.redbus.in/bus-tickets/kolkata-to-siliguri,Kolkata to Siliguri,RAYAN,18:20,12h 40m,07:00,4.2,INR 850,36 Seats available,Bharat Benz A/C Seater /Sleeper (2+1)
https://www.redbus.in/bus-tickets/kolkata-to-siliguri,Kolkata to Siliguri,Express Line,21:00,13h 10m,10:10,3.7,INR 1199,51 Seats available,Volvo 9600 Multi Axle Semi-Sleeper (2+2)
https://www.redbus.in/bus-tickets/kolkata-to-siliguri,Kolkata to Siliguri,Lokenath (Maa Tara),15:45,14h 30m,06:15,3.0,INR 600,5 Seats available,NON A/C Seater / Sleeper (2+2)
https://www.redbus.in/bus-tickets/kolkata-to-siliguri,Kolkata to Siliguri,Maa Durga Bus Service,19:00,14h 00m,09:00,2.4,INR 600,14 Seats available,NON A/C Seater / Sleeper (2+2)
https://www.redbus.in/bus-tickets/kolkata-to-siliguri,Kolkata to Siliguri,Shantanu Travels,17:00,15h 00m,08:00,2.6,INR 600,37 Seats available,NON A/C Seater / Sleeper (2+2)
https://www.redbus.in/bus-tickets/kolkata-to-siliguri,Kolkata to Siliguri,Annesha Travels,17:30,13h 30m,07:00,1.6,INR 600,32 Seats available,NON A/C Seater / Sleeper (2+2)
https://www.redbus.in/bus-tickets/siliguri-to-kolkata,Siliguri to Kolkata,SBSTC-SILIGURI - KOLKATA - VOLVO - 19:35 SPL FARE - SLGVOLSPL1-D/19-35,19:35,12h 00m,07:35,3.9,INR 910,13 Seats available,Volvo A/C (2+2)
https://www.redbus.in/bus-tickets/siliguri-to-kolkata,Siliguri to Kolkata,Easy Ride,20:30,12h 55m,09:25,4.8,INR 1500,31 Seats available,Volvo 9600 Multi-Axle A/C Sleeper (2+1)
https://www.redbus.in/bus-tickets/siliguri-to-kolkata,Siliguri to Kolkata,Easy Ride,18:30,12h 55m,07:25,4.7,INR 1600,21 Seats available,Volvo 9600 Multi-Axle A/C Sleeper (2+1)
https://www.redbus.in/bus-tickets/siliguri-to-kolkata,Siliguri to Kolkata,AdExpress Line,20:30,12h 20m,08:50,4.5,INR 1549,18 Seats available,Volvo 9600 Multi-Axle A/C Sleeper (2+1)
https://www.redbus.in/bus-tickets/siliguri-to-kolkata,Siliguri to Kolkata,Raipur Cruiser,18:00,12h 40m,06:40,4.6,INR 1500,6 Seats available,Volvo 9600 Multi-Axle A/C Sleeper (2+1)
https://www.redbus.in/bus-tickets/siliguri-to-kolkata,Siliguri to Kolkata,Modern Travels,19:40,12h 00m,07:40,4.6,INR 1730,8 Seats available,Bharat Benz A/C Sleeper (2+1)
https://www.redbus.in/bus-tickets/siliguri-to-kolkata,Siliguri to Kolkata,Greenline,18:30,13h 00m,07:30,4.6,INR 1500,5 Seats available,Volvo 9600 Multi-Axle A/C Sleeper (2+1)
https://www.redbus.in/bus-tickets/siliguri-to-kolkata,Siliguri to Kolkata,AdLokenath Bus Service,18:45,12h 00m,06:45,4.2,INR 1199,39 Seats available,Volvo Multi-Axle A/C Seater/Sleeper (2+1)
https://www.redbus.in/bus-tickets/siliguri-to-kolkata,Siliguri to Kolkata,Easy Ride,19:50,12h 55m,08:45,4.6,INR 1500,30 Seats available,Volvo 9600 Multi-Axle A/C Sleeper (2+1)
https://www.redbus.in/bus-tickets/siliguri-to-kolkata,Siliguri to Kolkata,Express Line,20:00,12h 30m,08:30,4.5,INR 1199,31 Seats available,Volvo 9600 A/C Seater/Sleeper (2+1)
https://www.redbus.in/bus-tickets/siliguri-to-kolkata,Siliguri to Kolkata,Express Line,18:15,12h 50m,07:05,4.6,INR 1199,39 Seats available,Volvo 9600 Multi Axle Semi-Sleeper (2+2)
https://www.redbus.in/bus-tickets/siliguri-to-kolkata,Siliguri to Kolkata,Easy Ride,20:45,12h 55m,09:40,4.7,INR 1500,30 Seats available,Volvo 9600 Multi-Axle A/C Sleeper (2+1)
https://www.redbus.in/bus-tickets/siliguri-to-kolkata,Siliguri to Kolkata,Shyamoli Paribahan Pvt Ltd,19:15,12h 50m,08:05,4.5,INR 1648,18 Seats available,Volvo 9600 Multi-Axle A/C Sleeper (2+1)
https://www.redbus.in/bus-tickets/siliguri-to-kolkata,Siliguri to Kolkata,Lokenath Bus Service,19:15,12h 30m,07:45,4.4,INR 1499,18 Seats available,Volvo 9600 Multi-Axle A/C Sleeper (2+1)
https://www.redbus.in/bus-tickets/siliguri-to-kolkata,Siliguri to Kolkata,Greenline,18:00,13h 00m,07:00,4.4,INR 1500,19 Seats available,Volvo 9600 Multi-Axle A/C Sleeper (2+1)
https://www.redbus.in/bus-tickets/siliguri-to-kolkata,Siliguri to Kolkata,Aitiana Airwings,18:00,13h 30m,07:30,4.4,INR 1200,17 Seats available,Benz A/C Sleeper (2+1)
https://www.redbus.in/bus-tickets/siliguri-to-kolkata,Siliguri to Kolkata,Rubi Paribahan  ,20:00,12h 45m,08:45,4.4,INR 1200,24 Seats available,Volvo 9600 A/C Seater/Sleeper (2+1)
https://www.redbus.in/bus-tickets/siliguri-to-kolkata,Siliguri to Kolkata,Express Line,18:30,12h 40m,07:10,4.3,INR 1499,10 Seats available,Volvo 9600 Multi-Axle A/C Sleeper (2+1)
https://www.redbus.in/bus-tickets/siliguri-to-kolkata,Siliguri to Kolkata,Shyamoli Paribahan Pvt Ltd,18:00,12h 05m,06:05,4.3,INR 1648,16 Seats available,Volvo 9600 Multi-Axle A/C Sleeper (2+1)
https://www.redbus.in/bus-tickets/siliguri-to-kolkata,Siliguri to Kolkata,Raipur Cruiser,18:30,12h 45m,07:15,4.5,1080,47 Seats available,Volvo 9600 Multi Axle Semi-Sleeper (2+2)
https://www.redbus.in/bus-tickets/siliguri-to-kolkata,Siliguri to Kolkata,Shyamoli Paribahan Pvt Ltd,20:30,13h 00m,09:30,4.2,INR 1200,31 Seats available,Volvo 9600 A/C Seater/Sleeper (2+1)
https://www.redbus.in/bus-tickets/siliguri-to-kolkata,Siliguri to Kolkata,Shyamoli Paribahan Pvt Ltd,18:30,12h 50m,07:20,4.1,INR 1200,40 Seats available,Volvo Multi-Axle A/C seater/sleeper (2+1)
https://www.redbus.in/bus-tickets/siliguri-to-kolkata,Siliguri to Kolkata,Aitiana Airwings,19:00,13h 00m,08:00,4.6,INR 1499,13 Seats available,Volvo Multi-Axle A/C Sleeper (2+1)
https://www.redbus.in/bus-tickets/siliguri-to-kolkata,Siliguri to Kolkata,Rubi Paribahan  ,19:00,12h 30m,07:30,4.4,INR 1499,10 Seats available,Volvo 9600 Multi-Axle A/C Sleeper (2+1)
https://www.redbus.in/bus-tickets/siliguri-to-kolkata,Siliguri to Kolkata,Lokenath Bus Service,17:15,12h 45m,06:00,3.9,INR 1199,36 Seats available,Volvo A/C Seater (2+2)
https://www.redbus.in/bus-tickets/siliguri-to-kolkata,Siliguri to Kolkata,Lokenath Bus Service,20:30,12h 30m,09:00,3.7,INR 799,27 Seats available,A/C Seater / Sleeper (2+1)
https://www.redbus.in/bus-tickets/siliguri-to-kolkata,Siliguri to Kolkata,Modern Travels,18:50,12h 20m,07:10,4.2,INR 1550,7 Seats available,Bharat Benz A/C Sleeper (2+1)
https://www.redbus.in/bus-tickets/siliguri-to-kolkata,Siliguri to Kolkata,Rubi Paribahan  ,19:30,12h 45m,08:15,4.3,INR 1199,31 Seats available,Volvo Multi Axle B11R AC Seater\Sleeper (2+1)
https://www.redbus.in/bus-tickets/siliguri-to-kolkata,Siliguri to Kolkata,Poulami Paribahan,18:00,12h 45m,06:45,3.9,INR 1299,26 Seats available,Volvo Multi-Axle A/C seater/sleeper (2+1)
https://www.redbus.in/bus-tickets/siliguri-to-kolkata,Siliguri to Kolkata,Shyamoli Paribahan Pvt Ltd,20:00,12h 50m,08:50,4.4,INR 1500,29 Seats available,Volvo 9600 Multi-Axle A/C Sleeper (2+1)
https://www.redbus.in/bus-tickets/siliguri-to-kolkata,Siliguri to Kolkata,Raipur Cruiser,21:00,12h 45m,09:45,4.2,INR 1200,42 Seats available,Volvo 9600 Multi Axle Semi-Sleeper (2+2)
https://www.redbus.in/bus-tickets/siliguri-to-kolkata,Siliguri to Kolkata,Maulik Paribahan,19:00,11h 30m,06:30,2.3,1350,50 Seats available,A/C Seater / Sleeper (2+2)
https://www.redbus.in/bus-tickets/siliguri-to-kolkata,Siliguri to Kolkata,Aradhana Bus Service,14:30,16h 00m,06:30,2.3,INR 700,33 Seats available,NON A/C Seater / Sleeper (2+2)
https://www.redbus.in/bus-tickets/siliguri-to-kolkata,Siliguri to Kolkata,Maa Durga Bus Service,18:30,13h 30m,08:00,3.3,INR 600,3 Seats available,NON AC Seater / Sleeper 2+1
https://www.redbus.in/bus-tickets/siliguri-to-kolkata,Siliguri to Kolkata,Annesha Travels,18:00,13h 00m,07:00,2.6,INR 500,30 Seats available,NON A/C Seater / Sleeper (2+2)
https://www.redbus.in/bus-tickets/siliguri-to-kolkata,Siliguri to Kolkata,Lokenath (Maa Tara),15:15,14h 30m,05:45,2.6,INR 600,7 Seats available,NON A/C Seater / Sleeper (2+2)
https://www.redbus.in/bus-tickets/siliguri-to-kolkata,Siliguri to Kolkata,Gopal Travels,20:00,12h 10m,08:10,1.0,INR 1100,65 Seats available,A/C Seater / Sleeper (2+2)
